Question,Answer
عمومی طور پر زمین سورج کے گرد کتنی دیر میں چکر لگاتی ہے؟,تقریباً 365 دن میں
حقیقت میں توقع سے زیادہ نمک کھانا کیسا؟,صحت کے لیے نقصان دہ
اکثر پودے کو کھاد کیوں؟,نشوونما بہتر ہوتی ہے
عمومی طور پر نیند کی کمی کا نقصان؟,تھکاوٹ اور کمزور توجہ
زیادہ تر ہوا کیسے چلتی ہے؟,درجہ حرارت کے فرق سے
اکثر صبر کا پھل کیا؟,کامیابی اور سکون
نل کھلا چھوڑنے کا نقصان؟,پانی ضائع ہوتا ہے
عمومی طور پر اساتذہ کا احترام کیوں؟,وہ علم دیتے ہیں
عمومی طور پر ہاتھ دھونا کیوں ضروری ہے؟,جراثیم ختم ہوتے ہیں
زیادہ تر رات کے وسط کو کیا کہتے ہیں؟,آدھی رات
بجلی کیسے بچائیں؟,غیر ضروری آلات بند کر کے
کمپیوٹر کے اہم حصے کون سے ہیں؟,پروسیسر، میموری اور اسٹوریج
حقیقت میں کھانا ضائع کیوں نہ کریں؟,وسائل کی بچت ہوتی ہے
عمومی طور پر سوشل میڈیا کیا ہے؟,آن لائن معلومات شیئر کرنے کے پلیٹ فارم
عام حالات میں ویب سائٹ کیا ہے؟,انٹرنیٹ پر معلومات کا صفحہ
حقیقت میں رات کو جلدی سونا کیسا؟,صحت کے لیے اچھا ہے
عام طور پر پانی کا کیمیائی فارمولا کیا ہے؟,پانی کا کیمیائی فارمولا H2O ہے
حقیقت میں آگ کے لیے کون سی چیز ضروری ہے؟,آکسیجن آگ کے لیے ضروری ہے
اکثر قطب نما کیا بتاتا ہے؟,سمتیں
مدد کرنے کا فائدہ؟,خوشی اور اچھے رشتے
زیادہ تر بیٹری کیا کام کرتی ہے؟,بجلی ذخیرہ کر کے فراہم کرتی ہے
اکثر بارش کا پانی پودوں کے لیے کیسا؟,عام طور پر اچھا ہوتا ہے
عام حالات میں زلزلہ کیوں آتا ہے؟,زمین کی تہوں کی حرکت سے
زیادہ تر ٹریفک قوانین کیوں مانیں؟,حادثات کم ہوتے ہیں
گاڑی کا ہارن زیادہ بجانا کیسا؟,شور کی آلودگی
عام طور پر موبائل کو چارج کرتے وقت خیال؟,زیادہ گرم نہ ہونے دیں
عمومی طور پر بیٹری کیا کام کرتی ہے؟,بجلی ذخیرہ کر کے فراہم کرتی ہے
اکثر کچرا سڑک پر پھینکنے کا نقصان؟,ماحول گندا ہوتا ہے
عام طور پر گھر میں بجلی کا بل کیسے کم کریں؟,ایل ای ڈی بلب اور احتیاط سے
زیادہ تر گھر کے کام میں مدد کیوں؟,ذمہ داری اور تعاون بڑھتا ہے
عمومی طور پر علم بانٹنے کا فائدہ؟,خود بھی سیکھتے ہیں
حقیقت میں روزانہ کتنا پانی پینا چاہیے؟,تقریباً آٹھ گلاس
زیادہ تر وٹامن سی کہاں ملتا ہے؟,پھلوں خاص طور پر مالٹے میں
حقیقت میں نل کھلا چھوڑنے کا نقصان؟,پانی ضائع ہوتا ہے
زیادہ تر ماحول صاف رکھنا کیوں؟,سب کی ذمہ داری
عملاً نقشہ کا استعمال؟,سمت اور مقام بتانے کے لیے
حقیقت میں سورج ڈوبنے کا وقت کیا کہلاتا ہے؟,غروب آفتاب
حقیقت میں رات کے وسط کو کیا کہتے ہیں؟,آدھی رات
اکثر کچرا کہاں ڈالیں؟,مخصوص ڈسٹ بن میں
کیمرہ لینس کیا کرتا ہے؟,روشنی کو فوکس کرتا ہے
عملاً صبر کیوں ضروری؟,بہتر فیصلے ہوتے ہیں
عملاً آگ کیسے بجھائیں؟,پانی یا ریت سے
عام طور پر معافی مانگنا کب؟,غلطی پر
عمومی طور پر صحت مند رہنے کا طریقہ کیا ہے؟,ورزش، صحت مند غذا اور نیند
عمومی طور پر دروازے کے تالے کیوں؟,حفاظت کے لیے
قلم کیسے پکڑیں؟,آرام دہ اور صحیح گرفت سے
پانی کا ٹینک صاف کیوں رکھیں؟,صحت مند پانی کے لیے
عمومی طور پر جھوٹ بولنا کیسا؟,برداشت نہیں کرنا چاہیے
اکثر تاریخ پڑھنے کا فائدہ؟,ماضی سے سبق ملتا ہے
عملاً مصنوعی ذہانت کیا ہے؟,کمپیوٹر کی انسانی سوچ کی نقل
عملاً ڈیجیٹل کیمرہ کیا کرتا ہے؟,تصاویر اور ویڈیوز بناتا ہے
حقیقت میں گیس کے چولہے کا خیال؟,لیکس سے بچاؤ اور حفاظت
گھر میں پودے کیوں لگائیں؟,ماحول صاف اور خوبصورت ہوتا ہے
عمومی طور پر معافی مانگنا کب؟,غلطی پر
کچرا سڑک پر پھینکنے کا نقصان؟,ماحول گندا ہوتا ہے
عام حالات میں موسم کیسے بدلتے ہیں؟,زمین کے سورج کے گرد چکر سے
عملاً سمارٹ فون کیا کرتا ہے؟,بات چیت، انٹرنیٹ اور ایپس چلانے کا آلہ
عام طور پر پودے گھر میں کیوں؟,ہوا صاف رہتی ہے
زیادہ تر فیکٹریوں کا دھواں نقصان دہ کیوں؟,ہوا آلودہ ہوتی ہے
اکثر بچت کرنا کیوں اہم؟,مستقبل کے لیے مددگار
زیادہ تر پودے خشک کیوں نہ ہونے دیں؟,وہ آکسیجن دیتے ہیں
اکثر گروپ پروجیکٹ کا فائدہ؟,ٹیم ورک اور سیکھنے کا موقع
اکثر نیند کی کمی کا نقصان؟,تھکاوٹ اور کمزور توجہ
عمومی طور پر موسم گرما میں پودوں کا خیال؟,باقاعدہ پانی دیں
حقیقت میں انٹرنیٹ بینکنگ کیا ہے؟,انٹرنیٹ کے ذریعے بینک کے کام کرنا
عام طور پر بجلی سے کیسے بچیں؟,گیلے ہاتھوں سے سوئچ نہ چھویں
پاس ورڈ مضبوط کیسے بنائیں؟,حروف، نمبر اور علامات ملا کر
عام طور پر کیلنڈر کیا بتاتا ہے؟,تاریخ اور دن
عام طور پر دودھ کے کیا فائدے ہیں؟,ہڈیاں مضبوط بناتا ہے
عام طور پر کان کی صفائی کیسے؟,احتیاط سے اور نرمی سے
زیادہ تر نقشہ خوانی کیوں سیکھیں؟,سمت اور مقام معلوم کرنے کے لیے
وٹامن سی کہاں ملتا ہے؟,پھلوں خاص طور پر مالٹے میں
عام طور پر کھڑکیوں پر جالی کیوں؟,کیڑوں سے بچاؤ
عام حالات میں سوشل میڈیا کیا ہے؟,آن لائن معلومات شیئر کرنے کے پلیٹ فارم
دن کے وسط کو کیا کہتے ہیں؟,دوپہر
عام طور پر سخاوت کا فائدہ؟,خوشی اور برکت ملتی ہے
پودے کو کھاد کیوں؟,نشوونما بہتر ہوتی ہے
عام طور پر کلاؤڈ سٹوریج کیا ہے؟,انٹرنیٹ پر ڈیٹا محفوظ رکھنے کا طریقہ
عمومی طور پر باثروم صاف رکھنے کیوں؟,جراثیم اور بدبو سے بچاؤ
عمومی طور پر ماحول صاف رکھنا کیوں؟,سب کی ذمہ داری
حقیقت میں غلطی سے سیکھنا کیسا؟,بہتری کا موقع ملتا ہے
حقیقت میں موسم کیسے بدلتے ہیں؟,زمین کے سورج کے گرد چکر سے
عمومی طور پر آگ کیسے بجھائیں؟,پانی یا ریت سے
عام طور پر ٹریفک قوانین کیوں مانیں؟,حادثات کم ہوتے ہیں
عمومی طور پر برف پانی کی کون سی حالت ہے؟,برف پانی کی ٹھوس حالت ہے
اکثر گیس کا بل کیسے کم کریں؟,احتیاط سے استعمال کر کے
عمومی طور پر ہوا میں کون سی گیس زیادہ ہوتی ہے؟,نائٹروجن گیس سب سے زیادہ ہوتی ہے
عام طور پر کمپیوٹر کی میموری کیا کرتی ہے؟,ڈیٹا عارضی طور پر محفوظ رکھتی ہے
زیادہ تر بچت کرنا کیوں اہم؟,مستقبل کے لیے مددگار
عام طور پر کمپیوٹر وائرس کیا ہے؟,ایسا پروگرام جو کمپیوٹر کو نقصان پہنچاتا ہے
اکثر صبر کیوں ضروری؟,بہتر فیصلے ہوتے ہیں
عام حالات میں گھر کے کام میں مدد کیوں؟,ذمہ داری اور تعاون بڑھتا ہے
زیادہ تر دوستی میں جھوٹ کیسا؟,رشتہ کمزور کرتا ہے
عام حالات میں گاڑی کم چلانے کا فائدہ؟,آلودگی کم ہوتی ہے
عملاً سورج کی توانائی کا فائدہ؟,صاف اور لامحدود توانائی
حقیقت میں تاریخ کی تاریخیں کیسے یاد کریں؟,ربط اور دہرائی سے
کی بورڈ کیا کرتا ہے؟,لکھنے اور کمانڈ دینے کا آلہ
حقیقت میں مہمان نوازی کیسے؟,احترام اور خوش اخلاقی سے
اکثر مصنوعی ذہانت کیا ہے؟,کمپیوٹر کی انسانی سوچ کی نقل
عمومی طور پر پانی کیسے بچائیں؟,نل بند رکھ کر اور درست استعمال سے
زیادہ تر بارش کیسے ہوتی ہے؟,بادل میں بخارات ٹھنڈے ہو کر قطروں کی شکل میں گرتے ہیں
عملاً لکھائی کی مشق کیوں؟,لکھنے کی صلاحیت بہتر ہوتی ہے
حقیقت میں ای میل کیا ہے؟,الیکٹرانک پیغام بھیجنے کا طریقہ
حقیقت میں دن رات کیسے بنتے ہیں؟,زمین کے گھومنے سے
غلطی سے سیکھنا کیسا؟,بہتری کا موقع ملتا ہے
عام طور پر برف پانی کی کون سی حالت ہے؟,برف پانی کی ٹھوس حالت ہے
عام طور پر سائنس پراجیکٹ کیسے بنائیں؟,تحقیق اور تجربہ سے
اکثر کیڑے مار ادویات کا استعمال؟,احتیاط سے اور ضرورت پر
زیادہ تر انٹرنیٹ کیا ہے؟,دنیا بھر کے کمپیوٹرز کا نیٹ ورک
عملاً سائنس پڑھنے کا فائدہ؟,دنیا کو سمجھنے میں مدد ملتی ہے
حسد کا نقصان؟,ذہنی سکون ختم ہوتا ہے
عام طور پر مہمان نوازی کیسے؟,احترام اور خوش اخلاقی سے
عمومی طور پر گھر میں فرسٹ ایڈ باکس کیوں؟,ہنگامی مدد کے لیے
عملاً مدد کرنے کا فائدہ؟,خوشی اور اچھے رشتے
عام طور پر یادداشت کیسے بہتر کریں؟,دہرائی اور اچھی نیند سے
حقیقت میں بیج کیسے اگائیں؟,مٹی، پانی اور روشنی سے
زیادہ تر ذہنی دباؤ کم کرنے کا طریقہ؟,گہری سانس اور سیر
حقیقت میں موسم گرما میں پودوں کا خیال؟,باقاعدہ پانی دیں
اکثر الرجی کیا ہے؟,جسم کا غیر معمولی ردعمل
حقیقت میں پودے کو کھاد کیوں؟,نشوونما بہتر ہوتی ہے
عام طور پر ڈرون کیا ہے؟,بغیر پائلٹ کے اڑنے والا آلہ
وزن کنٹرول کرنے کا طریقہ؟,صحت مند غذا اور ورزش
عام حالات میں مصنوعی ذہانت کیا ہے؟,کمپیوٹر کی انسانی سوچ کی نقل
حقیقت میں آن لائن تعلیم کا فائدہ؟,گھر بیٹھے سیکھنے کی سہولت
عام حالات میں ہوا میں کون سی گیس زیادہ ہوتی ہے؟,نائٹروجن گیس سب سے زیادہ ہوتی ہے
عمومی طور پر درخت لگانے کا فائدہ؟,آکسیجن اور صاف ماحول
اکثر توقع سے زیادہ نمک کھانا کیسا؟,صحت کے لیے نقصان دہ
عملاً داंत صاف رکھنے کا طریقہ؟,روزانہ برش کرنا چاہیے
حقیقت میں دوستی کیسے نبھائیں؟,ایمانداری اور احترام سے
عمومی طور پر الرجی کیا ہے؟,جسم کا غیر معمولی ردعمل
اکثر سائبر سیکیورٹی کیا ہے؟,ڈیجیٹل معلومات کی حفاظت
عام طور پر محنت کا نتیجہ؟,کامیابی اور اطمینان
عام طور پر فیکٹریوں کا دھواں نقصان دہ کیوں؟,ہوا آلودہ ہوتی ہے
زیادہ تر خریداری میں کیا خیال؟,معیار اور قیمت کا
اکثر آئرن کی کمی سے کیا ہوتا ہے؟,خون کی کمی ہو سکتی ہے
عمومی طور پر گھر کے کام میں مدد کیوں؟,ذمہ داری اور تعاون بڑھتا ہے
عام حالات میں محنت کا نتیجہ؟,کامیابی اور اطمینان
حقیقت میں وزن کنٹرول کرنے کا طریقہ؟,صحت مند غذا اور ورزش
وائی فائی کیا ہے؟,بغیر تار کے انٹرنیٹ کنکشن
اکثر آواز کیسے سفر کرتی ہے؟,ہوا کی لہروں سے
عملاً کمپیوٹر کے اہم حصے کون سے ہیں؟,پروسیسر، میموری اور اسٹوریج
حقیقت میں پانی کا ٹینک صاف کیوں رکھیں؟,صحت مند پانی کے لیے
عمومی طور پر وٹامن سی کہاں ملتا ہے؟,پھلوں خاص طور پر مالٹے میں
زیادہ تر پڑھائی میں توجہ کیسے؟,پرسکون جگہ اور شیڈول سے
جلد کی حفاظت کیسے؟,سورج سے بچاؤ اور نمی برقرار رکھنا
ایپ کیا ہے؟,موبائل یا کمپیوٹر پر چلنے والا پروگرام
زیادہ تر سوشل میڈیا کیا ہے؟,آن لائن معلومات شیئر کرنے کے پلیٹ فارم
عمومی طور پر الیکٹرک گاڑی کا فائدہ؟,کم آلودگی اور ایندھن کی بچت
اکثر پلاسٹک کا نقصان؟,ماحول آلودہ ہوتا ہے
عملاً شکریہ ادا کرنا کیوں؟,قدر کرنے کا اظہار
مثبت باتیں کرنے کا فائدہ؟,ماحول خوشگوار ہوتا ہے
اکثر کمپیوٹر کی میموری کیا کرتی ہے؟,ڈیٹا عارضی طور پر محفوظ رکھتی ہے
اکثر ہوا کیسے چلتی ہے؟,درجہ حرارت کے فرق سے
جوتوں کی ریک کیوں؟,ترتیب اور جگہ کی بچت
وٹامن ڈی کہاں سے ملتا ہے؟,سورج کی روشنی اور کچھ غذاؤں سے
اکثر سورج نکلنے کا وقت کیا کہلاتا ہے؟,طلوع آفتاب
عام طور پر تحقیق کیا ہے؟,نئی معلومات حاصل کرنے کا عمل
عمومی طور پر ورزش کے فائدے کیا ہیں؟,طاقت بڑھتی ہے اور صحت بہتر ہوتی ہے
زیادہ تر نوٹس بنانا کیوں مفید؟,یادداشت بہتر ہوتی ہے
عملاً خریداری میں کیا خیال؟,معیار اور قیمت کا
زیادہ تر پلاسٹک کا نقصان؟,ماحول آلودہ ہوتا ہے
عملاً جنگلات کی حفاظت کیوں؟,موسمیاتی توازن کے لیے
اکثر بجلی کیسے بچائیں؟,غیر ضروری آلات بند کر کے
عمومی طور پر جلد کی حفاظت کیسے؟,سورج سے بچاؤ اور نمی برقرار رکھنا
عام حالات میں کمپیوٹر کے اہم حصے کون سے ہیں؟,پروسیسر، میموری اور اسٹوریج
عام حالات میں وائی فائی کیا ہے؟,بغیر تار کے انٹرنیٹ کنکشن
عام طور پر کچن ہڈ کیوں لگائیں؟,دھواں اور بو کم کرنے کے لیے
اکثر پانی کیسے بچائیں؟,نل بند رکھ کر اور درست استعمال سے
عمومی طور پر پانی کا فلٹر کیوں؟,صاف پانی کے لیے
اکثر سائنس پڑھنے کا فائدہ؟,دنیا کو سمجھنے میں مدد ملتی ہے
اکثر نقشہ کا استعمال؟,سمت اور مقام بتانے کے لیے
زیادہ تر ریاضی سیکھنے کا فائدہ؟,سوچنے کی صلاحیت بڑھتی ہے
سائنسی تجربہ کیا ہے؟,فرضیہ کی جانچ کا طریقہ
حقیقت میں مثبت کردار کیسے؟,اچھے اخلاق اور ذمہ داری سے
اکثر برف پانی کی کون سی حالت ہے؟,برف پانی کی ٹھوس حالت ہے
اکثر نقشہ خوانی کیوں سیکھیں؟,سمت اور مقام معلوم کرنے کے لیے
عام حالات میں سوال پوچھنا کیوں اچھا؟,سمجھ بہتر ہوتی ہے
عام طور پر پانی کا ٹینک صاف کیوں رکھیں؟,صحت مند پانی کے لیے
اکثر گروپ اسٹڈی کا فائدہ؟,ایک دوسرے سے سیکھنے میں مدد
اکثر دوستی کیسے نبھائیں؟,ایمانداری اور احترام سے
عملاً مقناطیس کیا کرتا ہے؟,لوہے کو کھینچتا ہے
عملاً غریبوں کی مدد کیوں؟,انسانیت کا تقاضا
عمومی طور پر بیج کیسے اگائیں؟,مٹی، پانی اور روشنی سے
عمومی طور پر روزانہ کتنا پانی پینا چاہیے؟,تقریباً آٹھ گلاس
مہمان نوازی کس طرح؟,احترام اور خوش اخلاقی سے
حقیقت میں باقاعدہ چیک اپ کیوں؟,بیماری جلد پہچانی جا سکتی ہے
عمومی طور پر کھانا ضائع کیوں نہ کریں؟,وسائل کی بچت ہوتی ہے
زیادہ تر صبح جلدی اٹھنے کا فائدہ؟,دن کا کام بہتر ہوتا ہے
زیادہ تر لائبریری جانے کا فائدہ؟,کتابیں اور پرسکون ماحول
عام حالات میں چاند زمین کے گرد کتنی دیر میں چکر لگاتا ہے؟,تقریباً 27 دن میں
رات کے وسط کو کیا کہتے ہیں؟,آدھی رات
تمباکو نوشی کا نقصان؟,کئی بیماریوں کا سبب بنتی ہے
عام طور پر وعدہ پورا کرنا کیوں؟,اعتماد برقرار رہتا ہے
عام طور پر حسد کا نقصان؟,ذہنی سکون ختم ہوتا ہے
عملاً آنکھوں کی حفاظت کیسے؟,زیادہ سکرین سے پرہیز اور روشنی کا خیال
عام حالات میں وعدہ پورا کرنا کیوں؟,اعتماد برقرار رہتا ہے
عام حالات میں پانی کا کیمیائی فارمولا کیا ہے؟,پانی کا کیمیائی فارمولا H2O ہے
زیادہ تر وزن کنٹرول کرنے کا طریقہ؟,صحت مند غذا اور ورزش
قطب نما کیا بتاتا ہے؟,سمتیں
حقیقت میں شکایت کرنے سے بہتر کیا؟,حل تلاش کرنا
عملاً نیند کیوں ضروری ہے؟,جسم اور دماغ کو آرام ملتا ہے
حقیقت میں لائبریری جانے کا فائدہ؟,کتابیں اور پرسکون ماحول
عمومی طور پر مائیکروفون کیا کرتا ہے؟,آواز ریکارڈ کرتا ہے
اکثر وقت کی پابندی کیوں اہم؟,کام بروقت ہوتا ہے
عام طور پر تاریخ کی تاریخیں کیسے یاد کریں؟,ربط اور دہرائی سے
اکثر کمپوسٹ کیا ہے؟,قدرتی کھاد بنانے کا طریقہ
زیادہ تر سال کے کتنے موسم؟,چار موسم عام ہیں
زیادہ تر ڈکشنری کا استعمال؟,الفاظ کے معنی جاننے کے لیے
عمومی طور پر وائی فائی کیا ہے؟,بغیر تار کے انٹرنیٹ کنکشن
حقیقت میں نظر کی کمزوری کی علامات؟,دھندلا نظر آنا
حقیقت میں کیمرہ لینس کیا کرتا ہے؟,روشنی کو فوکس کرتا ہے
عام حالات میں روشنی کس رفتار سے سفر کرتی ہے؟,روشنی بہت تیز رفتار سے سفر کرتی ہے
عام حالات میں آن لائن تعلیم کا فائدہ؟,گھر بیٹھے سیکھنے کی سہولت
عام طور پر غلطی سے سیکھنا کیسا؟,بہتری کا موقع ملتا ہے
عام طور پر ندی نالے صاف رکھنے کیوں؟,پانی آلودہ نہیں ہوتا
عام طور پر آنکھوں کی حفاظت کیسے؟,زیادہ سکرین سے پرہیز اور روشنی کا خیال
نقشہ خوانی کیوں سیکھیں؟,سمت اور مقام معلوم کرنے کے لیے
زیادہ تر آلودگی کیسے کم کریں؟,عوامی ٹرانسپورٹ اور درخت لگا کر
عام حالات میں ریاضی سیکھنے کا فائدہ؟,سوچنے کی صلاحیت بڑھتی ہے
عمومی طور پر ہفتے کے کتنے دن؟,سات دن
دوستی کس طرح نبھائیں؟,ایمانداری اور احترام سے
عمومی طور پر چارجنگ کیا ہے؟,بیٹری میں بجلی بھرنا
آنکھوں کی حفاظت کیسے؟,زیادہ سکرین سے پرہیز اور روشنی کا خیال
ہوا کیسے چلتی ہے؟,درجہ حرارت کے فرق سے
عملاً سبزیاں کیوں کھانی چاہییں؟,وٹامنز اور فائبر ملتے ہیں
حقیقت میں زلزلہ کیوں آتا ہے؟,زمین کی تہوں کی حرکت سے
عام حالات میں ترازو کیا کرتا ہے؟,وزن ناپتا ہے
عملاً آکسیجن کہاں سے ملتی ہے؟,زیادہ تر پودوں اور درختوں سے
عام طور پر آئرن کی کمی سے کیا ہوتا ہے؟,خون کی کمی ہو سکتی ہے
عام حالات میں آئینہ کیسے کام کرتا ہے؟,روشنی کی عکاسی سے تصویر دکھاتا ہے
حقیقت میں پریزنٹیشن کیسے بنائیں؟,نقاط مرتب کر کے اور مشق کر کے
زیادہ تر صحت مند دل کے لیے کیا کریں؟,ورزش اور کم تیل والی غذا
عام طور پر وقت کی پابندی کیوں اہم؟,کام بروقت ہوتا ہے
عمومی طور پر مثبت کردار کیسے؟,اچھے اخلاق اور ذمہ داری سے
عمومی طور پر پریزنٹیشن کیسے بنائیں؟,نقاط مرتب کر کے اور مشق کر کے
عام طور پر دن کے وسط کو کیا کہتے ہیں؟,دوپہر
زیادہ تر گھڑی کا کام؟,وقت بتانا
عملاً گھر کی صفائی کیوں؟,صحت اور خوشگوار ماحول
محنت کا نتیجہ؟,کامیابی اور اطمینان
حقیقت میں ماحول کی صفائی کیوں؟,صحت بہتر رہتی ہے
پانی کا کیمیائی فارمولا کیا ہے؟,پانی کا کیمیائی فارمولا H2O ہے
عام طور پر شکریہ ادا کرنا کیوں؟,قدر کرنے کا اظہار
سال میں کتنے مہینے؟,بارہ مہینے
عام حالات میں پاس ورڈ محفوظ رکھنے کا فائدہ؟,ذاتی معلومات کی حفاظت
زیادہ تر موسم کیسے بدلتے ہیں؟,زمین کے سورج کے گرد چکر سے
حقیقت میں کمپیوٹر کے اہم حصے کون سے ہیں؟,پروسیسر، میموری اور اسٹوریج
ورزش سے پہلے کیا کریں؟,وارم اپ ضروری ہے
عمومی طور پر پھل روزانہ کیوں کھائیں؟,وٹامنز اور فائبر ملتے ہیں
حقیقت میں ایمانداری کا فائدہ؟,اعتماد اور عزت ملتی ہے
کتاب کیسے سنبھالیں؟,صفحات موڑنے سے گریز
تاریخ کی تاریخیں کیسے یاد کریں؟,ربط اور دہرائی سے
سمندر کی حفاظت کیوں؟,ماحولیاتی توازن کے لیے
حقیقت میں چاند زمین کے گرد کتنی دیر میں چکر لگاتا ہے؟,تقریباً 27 دن میں
عام طور پر آلودگی کیسے کم کریں؟,عوامی ٹرانسپورٹ اور درخت لگا کر
عام طور پر بھاپ پانی کی کون سی حالت ہے؟,بھاپ پانی کی گیسی حالت ہے
حقیقت میں ندی نالے صاف رکھنے کیوں؟,پانی آلودہ نہیں ہوتا
عام طور پر کچن صاف رکھنے کا فائدہ؟,جراثیم کم ہوتے ہیں
عام طور پر درخت لگانے کا فائدہ؟,آکسیجن اور صاف ماحول
زیادہ تر صداقت کی اہمیت؟,اعتماد پیدا ہوتا ہے
عمومی طور پر سمندر میں کچرا پھینکنے کا نقصان؟,سمندری حیات متاثر ہوتی ہے
عام طور پر ترازو کیا کرتا ہے؟,وزن ناپتا ہے
عام حالات میں مدد کرنے کا فائدہ؟,خوشی اور اچھے رشتے
حقیقت میں کمپوسٹ کیا ہے؟,قدرتی کھاد بنانے کا طریقہ
اکثر سورج کس سمت سے نکلتا ہے؟,سورج مشرق سے نکلتا ہے
زیادہ تر ورزش کے فائدے کیا ہیں؟,طاقت بڑھتی ہے اور صحت بہتر ہوتی ہے
حقیقت میں کمپیوٹر وائرس کیا ہے؟,ایسا پروگرام جو کمپیوٹر کو نقصان پہنچاتا ہے
عمومی طور پر مہینے کے کتنے ہفتے؟,تقریباً چار ہفتے
عمومی طور پر سورج کس سمت سے نکلتا ہے؟,سورج مشرق سے نکلتا ہے
عمومی طور پر تاریخ پڑھنے کا فائدہ؟,ماضی سے سبق ملتا ہے
عمومی طور پر بارش کا پانی جمع کرنے کا فائدہ؟,پانی کی بچت
شکایت کرنے سے بہتر کیا؟,حل تلاش کرنا
عمومی طور پر موبائل کا زیادہ استعمال کیسا؟,حد میں رکھنا بہتر ہے
عام طور پر انٹرنیٹ بینکنگ کیا ہے؟,انٹرنیٹ کے ذریعے بینک کے کام کرنا
عمومی طور پر قطب نما کیا بتاتا ہے؟,سمتیں
حقیقت میں پانی کیسے بچائیں؟,نل بند رکھ کر اور درست استعمال سے
عمومی طور پر قدرتی وسائل کی حفاظت کیوں؟,آنے والی نسلوں کے لیے
اکثر ری سائیکلنگ کیا ہے؟,پرانی چیزوں کا دوبارہ استعمال
اکثر تعاون کرنے کا فائدہ؟,کام آسان ہو جاتا ہے
عمومی طور پر وعدہ خلافی کا نقصان؟,اعتماد ختم ہوتا ہے
حقیقت میں الیکٹرک گاڑی کا فائدہ؟,کم آلودگی اور ایندھن کی بچت
ری سائیکلنگ کیا ہے؟,پرانی چیزوں کا دوبارہ استعمال
اکثر ورزش سے پہلے کیا کریں؟,وارم اپ ضروری ہے
عمومی طور پر بچت کرنا کیوں اہم؟,مستقبل کے لیے مددگار
ای میل کیا ہے؟,الیکٹرانک پیغام بھیجنے کا طریقہ
عمومی طور پر اسکینر کیا ہے؟,کاغذی دستاویز کو ڈیجیٹل بناتا ہے
عمومی طور پر ہوا کیسے چلتی ہے؟,درجہ حرارت کے فرق سے
اکثر وقت کی قدر کیوں؟,وقت واپس نہیں آتا
ماؤس کیا کام کرتا ہے؟,سکرین پر اشارہ کرنے کا آلہ
عام حالات میں سورج کس سمت سے نکلتا ہے؟,سورج مشرق سے نکلتا ہے
حقیقت میں گاڑی کم چلانے کا فائدہ؟,آلودگی کم ہوتی ہے
اکثر پڑوسیوں سے رویہ کیسا؟,اچھا اور مددگار
زیادہ تر یادداشت کیسے بہتر کریں؟,دہرائی اور اچھی نیند سے
اکثر دودھ کے کیا فائدے ہیں؟,ہڈیاں مضبوط بناتا ہے
مہمان نوازی کیسے؟,احترام اور خوش اخلاقی سے
حقیقت میں کھڑکیوں پر جالی کیوں؟,کیڑوں سے بچاؤ
اکثر باثروم صاف رکھنے کیوں؟,جراثیم اور بدبو سے بچاؤ
اکثر آگ کے لیے کون سی چیز ضروری ہے؟,آکسیجن آگ کے لیے ضروری ہے
موسم کیسے بدلتے ہیں؟,زمین کے سورج کے گرد چکر سے
حقیقت میں قطب نما کیا بتاتا ہے؟,سمتیں
اکثر گھر میں بجلی کا بل کیسے کم کریں؟,ایل ای ڈی بلب اور احتیاط سے
حقیقت میں پروٹین کن چیزوں میں ہے؟,انڈے، دودھ، گوشت اور دالوں میں
عام طور پر ایمانداری کا فائدہ؟,اعتماد اور عزت ملتی ہے
زیادہ تر وعدہ پورا کرنا کیوں؟,اعتماد برقرار رہتا ہے
اکثر کتاب کیسے سنبھالیں؟,صفحات موڑنے سے گریز
حقیقت میں قدرتی کیڑے کنٹرول؟,فائدہ مند کیڑے استعمال کر کے
زیادہ تر تحقیق کیا ہے؟,نئی معلومات حاصل کرنے کا عمل
ہارڈ ڈرائیو کیا ہے؟,ڈیٹا مستقل محفوظ رکھنے کا آلہ
عام حالات میں نیند کیوں ضروری ہے؟,جسم اور دماغ کو آرام ملتا ہے
زیادہ تر ویب سائٹ کیا ہے؟,انٹرنیٹ پر معلومات کا صفحہ
اکثر بیٹری کیا کام کرتی ہے؟,بجلی ذخیرہ کر کے فراہم کرتی ہے
گھر میں بجلی کا بل کیسے کم کریں؟,ایل ای ڈی بلب اور احتیاط سے
عملاً سمندر کی حفاظت کیوں؟,ماحولیاتی توازن کے لیے
آواز کس طرح سفر کرتی ہے؟,ہوا کی لہروں سے
عمومی طور پر آن لائن تعلیم کا فائدہ؟,گھر بیٹھے سیکھنے کی سہولت
عام طور پر جغرافیہ سیکھنے کا فائدہ؟,دنیا کے بارے میں علم
اکثر شکایت کرنے سے بہتر کیا؟,حل تلاش کرنا
عام حالات میں گروپ اسٹڈی کا فائدہ؟,ایک دوسرے سے سیکھنے میں مدد
کلاؤڈ سٹوریج کیا کہلاتا ہے؟,انٹرنیٹ پر ڈیٹا محفوظ رکھنے کا طریقہ
ڈرون کیا ہے؟,بغیر پائلٹ کے اڑنے والا آلہ
عام حالات میں موبائل کا زیادہ استعمال کیسا؟,حد میں رکھنا بہتر ہے
زیادہ تر آئینہ کیسے کام کرتا ہے؟,روشنی کی عکاسی سے تصویر دکھاتا ہے
عام طور پر بخار آنے پر کیا کریں؟,آرام اور ڈاکٹر سے مشورہ
عملاً ماحول صاف رکھنا کیوں؟,سب کی ذمہ داری
عمومی طور پر ایپ کیا ہے؟,موبائل یا کمپیوٹر پر چلنے والا پروگرام
عام طور پر ذہنی دباؤ کم کرنے کا طریقہ؟,گہری سانس اور سیر
اکثر صحت مند وزن کیسے رکھیں؟,متوازن غذا اور ورزش سے
ریاضی سیکھنے کا فائدہ؟,سوچنے کی صلاحیت بڑھتی ہے
اکثر مثبت کردار کیسے؟,اچھے اخلاق اور ذمہ داری سے
عملاً محنت کا نتیجہ؟,کامیابی اور اطمینان
عام حالات میں داंत صاف رکھنے کا طریقہ؟,روزانہ برش کرنا چاہیے
عمومی طور پر بجلی سے کیسے بچیں؟,گیلے ہاتھوں سے سوئچ نہ چھویں
اکثر ماؤس کیا کام کرتا ہے؟,سکرین پر اشارہ کرنے کا آلہ
عام طور پر ڈیجیٹل کیمرہ کیا کرتا ہے؟,تصاویر اور ویڈیوز بناتا ہے
حقیقت میں ذیابیطس کیا ہے؟,خون میں شکر کی مقدار زیادہ ہونا
اکثر کمپیوٹر وائرس کیا ہے؟,ایسا پروگرام جو کمپیوٹر کو نقصان پہنچاتا ہے
عام طور پر لکھنے کی مشق کیوں؟,خیالات واضح ہوتے ہیں
عمومی طور پر صداقت کی اہمیت؟,اعتماد پیدا ہوتا ہے
عمومی طور پر نوٹس بنانا کیوں مفید؟,یادداشت بہتر ہوتی ہے
عام طور پر صحت مند وزن کیسے رکھیں؟,متوازن غذا اور ورزش سے
کلاس میں توجہ کیسے؟,فعال شرکت اور نوٹس سے
سبزی گھر میں کیوں اگائیں؟,تازہ اور صحت مند خوراک
حقیقت میں ترازو کیا کرتا ہے؟,وزن ناپتا ہے
بارش کس طرح ہوتی ہے؟,بادل میں بخارات ٹھنڈے ہو کر قطروں کی شکل میں گرتے ہیں
عام طور پر وٹامن سی کہاں ملتا ہے؟,پھلوں خاص طور پر مالٹے میں
عمومی طور پر بلڈ پریشر کیا ہے؟,خون کی نالیوں میں دباؤ
عملاً پڑوسیوں سے رویہ کیسا؟,اچھا اور مددگار
عملاً بھاپ پانی کی کون سی حالت ہے؟,بھاپ پانی کی گیسی حالت ہے
عمومی طور پر گیس کا بل کیسے کم کریں؟,احتیاط سے استعمال کر کے
عام طور پر سوشل میڈیا کیا ہے؟,آن لائن معلومات شیئر کرنے کے پلیٹ فارم
حقیقت میں غریبوں کی مدد کیوں؟,انسانیت کا تقاضا
عام طور پر آواز کیسے سفر کرتی ہے؟,ہوا کی لہروں سے
وعدہ پورا کرنا کیوں؟,اعتماد برقرار رہتا ہے
عام طور پر پاس ورڈ مضبوط کیسے بنائیں؟,حروف، نمبر اور علامات ملا کر
عمومی طور پر خریداری میں کیا خیال؟,معیار اور قیمت کا
اکثر ندی نالے صاف رکھنے کیوں؟,پانی آلودہ نہیں ہوتا
آئینہ کس طرح کام کرتا ہے؟,روشنی کی عکاسی سے تصویر دکھاتا ہے
حقیقت میں آنکھوں کی حفاظت کیسے؟,زیادہ سکرین سے پرہیز اور روشنی کا خیال
عملاً درخت لگانے کا فائدہ؟,آکسیجن اور صاف ماحول
عام طور پر سبزی گھر میں کیوں اگائیں؟,تازہ اور صحت مند خوراک
عام حالات میں ورزش کے فائدے کیا ہیں؟,طاقت بڑھتی ہے اور صحت بہتر ہوتی ہے
اکثر ہیڈ فون کیا ہے؟,آواز سننے کا ذاتی آلہ
زیادہ تر اساتذہ کا احترام کیوں؟,وہ علم دیتے ہیں
عام طور پر سمندر میں کچرا پھینکنے کا نقصان؟,سمندری حیات متاثر ہوتی ہے
نیند کیوں ضروری ہے؟,جسم اور دماغ کو آرام ملتا ہے
اکثر گھر کے کام میں مدد کیوں؟,ذمہ داری اور تعاون بڑھتا ہے
ذہنی دباؤ کم کرنے کا طریقہ؟,گہری سانس اور سیر
حقیقت میں علم حاصل کرنا کیوں؟,زندگی بہتر بنتی ہے
اکثر مہمان نوازی کیسے؟,احترام اور خوش اخلاقی سے
عملاً تعلیم کیوں ضروری ہے؟,علم بڑھتا ہے اور مواقع ملتے ہیں
حقیقت میں بارش کا پانی پودوں کے لیے کیسا؟,عام طور پر اچھا ہوتا ہے
آن لائن تعلیم کا فائدہ؟,گھر بیٹھے سیکھنے کی سہولت
عام طور پر ذمہ داری نبھانا کیوں؟,اعتماد بڑھتا ہے
حقیقت میں امتحان کی تیاری کیسے؟,باقاعدہ مطالعہ اور مشق
زیادہ تر آکسیجن کہاں سے ملتی ہے؟,زیادہ تر پودوں اور درختوں سے
عام طور پر پودے کو کھاد کیوں؟,نشوونما بہتر ہوتی ہے
کھڑکیوں پر جالی کیوں؟,کیڑوں سے بچاؤ
حقیقت میں مثبت باتیں کرنے کا فائدہ؟,ماحول خوشگوار ہوتا ہے
زیادہ تر بادل کیسے بنتے ہیں؟,بخارات کے ٹھنڈے ہونے سے
عمومی طور پر امتحان کی تیاری کیسے؟,باقاعدہ مطالعہ اور مشق
عام طور پر تمباکو نوشی کا نقصان؟,کئی بیماریوں کا سبب بنتی ہے
عمومی طور پر بجلی کے سوئچ آف کیوں؟,بجلی کی بچت اور حفاظت
عام طور پر گھر کا بجٹ کیسے بنائیں؟,آمدن اور اخراجات لکھیے
اکثر گھر کا بجٹ کیسے بنائیں؟,آمدن اور اخراجات لکھیے
حقیقت میں کپڑوں کی الماری ترتیب کیوں؟,آسانی اور صفائی
حقیقت میں تنقید قبول کرنا کیسا؟,بہتری میں مدد دیتی ہے
عمومی طور پر ورزش سے پہلے کیا کریں؟,وارم اپ ضروری ہے
زیادہ تر داंत صاف رکھنے کا طریقہ؟,روزانہ برش کرنا چاہیے
حقیقت میں کی بورڈ کیا کرتا ہے؟,لکھنے اور کمانڈ دینے کا آلہ
عام طور پر بارش کیسے ہوتی ہے؟,بادل میں بخارات ٹھنڈے ہو کر قطروں کی شکل میں گرتے ہیں
حقیقت میں صحت مند رہنے کا طریقہ کیا ہے؟,ورزش، صحت مند غذا اور نیند
عام حالات میں نباتات کو سورج کی روشنی کیوں ضروری ہے؟,فوتوسنتھیس کے ذریعے خوراک بنانے کے لیے
زیادہ تر وٹامن ڈی کہاں سے ملتا ہے؟,سورج کی روشنی اور کچھ غذاؤں سے
بچت کرنا کیوں اہم؟,مستقبل کے لیے مددگار
عملاً ماحول کی صفائی کیوں؟,صحت بہتر رہتی ہے
عمومی طور پر نل کھلا چھوڑنے کا نقصان؟,پانی ضائع ہوتا ہے
عام حالات میں ماحول صاف رکھنا کیوں؟,سب کی ذمہ داری
عمومی طور پر صحت مند وزن کیسے رکھیں؟,متوازن غذا اور ورزش سے
عام طور پر بیج کیسے اگائیں؟,مٹی، پانی اور روشنی سے
عام طور پر الیکٹرک گاڑی کا فائدہ؟,کم آلودگی اور ایندھن کی بچت
اکثر آئینہ کیسے کام کرتا ہے؟,روشنی کی عکاسی سے تصویر دکھاتا ہے
عام طور پر زلزلہ کیوں آتا ہے؟,زمین کی تہوں کی حرکت سے
حقیقت میں آکسیجن کہاں سے ملتی ہے؟,زیادہ تر پودوں اور درختوں سے
عام طور پر مائیکروفون کیا کرتا ہے؟,آواز ریکارڈ کرتا ہے
عام طور پر ہوا کیسے چلتی ہے؟,درجہ حرارت کے فرق سے
دن رات کس طرح بنتے ہیں؟,زمین کے گھومنے سے
سخاوت کا فائدہ؟,خوشی اور برکت ملتی ہے
حقیقت میں سمندر میں کچرا پھینکنے کا نقصان؟,سمندری حیات متاثر ہوتی ہے
عمومی طور پر ماؤس کیا کام کرتا ہے؟,سکرین پر اشارہ کرنے کا آلہ
زیادہ تر بلوٹوتھ کیا ہے؟,بغیر تار کے آلات جوڑنے کی ٹیکنالوجی
حقیقت میں صبح جلدی اٹھنے کا فائدہ؟,دن کا کام بہتر ہوتا ہے
شمسی توانائی کیوں اچھی؟,صاف اور تجدید پذیر
رات کو جلدی سونا کیسا؟,صحت کے لیے اچھا ہے
عام طور پر اسکول کا بیگ ہلکا کیوں رکھیں؟,کمر کے درد سے بچاؤ
عمومی طور پر وقت پر کام کرنے کی عادت؟,کامیابی میں مدد دیتی ہے
عام طور پر پرنٹر کیا کرتا ہے؟,کاغذ پر پرنٹ کرتا ہے
حقیقت میں گیس کا بل کیسے کم کریں؟,احتیاط سے استعمال کر کے
آئرن کی کمی سے کیا ہوتا ہے؟,خون کی کمی ہو سکتی ہے
عمومی طور پر وٹامن ڈی کہاں سے ملتا ہے؟,سورج کی روشنی اور کچھ غذاؤں سے
اکثر بادل کیسے بنتے ہیں؟,بخارات کے ٹھنڈے ہونے سے
اکثر لکھنے کی مشق کیوں؟,خیالات واضح ہوتے ہیں
عمومی طور پر نظر کی کمزوری کی علامات؟,دھندلا نظر آنا
مصنوعی ذہانت کیا ہے؟,کمپیوٹر کی انسانی سوچ کی نقل
حقیقت میں ماحول صاف رکھنا کیوں؟,سب کی ذمہ داری
اکثر دوستی میں جھوٹ کیسا؟,رشتہ کمزور کرتا ہے
گروپ پروجیکٹ کا فائدہ؟,ٹیم ورک اور سیکھنے کا موقع
اکثر صحت مند دل کے لیے کیا کریں؟,ورزش اور کم تیل والی غذا
اکثر پاس ورڈ محفوظ رکھنے کا فائدہ؟,ذاتی معلومات کی حفاظت
زیادہ تر مثبت باتیں کرنے کا فائدہ؟,ماحول خوشگوار ہوتا ہے
زیادہ تر گیس کے چولہے کا خیال؟,لیکس سے بچاؤ اور حفاظت
عملاً بلوٹوتھ کیا ہے؟,بغیر تار کے آلات جوڑنے کی ٹیکنالوجی
اکثر تحقیق کیا ہے؟,نئی معلومات حاصل کرنے کا عمل
اکثر پودے خشک کیوں نہ ہونے دیں؟,وہ آکسیجن دیتے ہیں
موبائل ڈیٹا کیا کہلاتا ہے؟,موبائل نیٹ ورک سے انٹرنیٹ
لکھنے کی مشق کیوں؟,خیالات واضح ہوتے ہیں
عمومی طور پر علم حاصل کرنا کیوں؟,زندگی بہتر بنتی ہے
اکثر پرنٹر کیا کرتا ہے؟,کاغذ پر پرنٹ کرتا ہے
عام طور پر غریبوں کی مدد کیوں؟,انسانیت کا تقاضا
اکثر بخیل ہونا کیسا؟,رشتوں کو نقصان پہنچاتا ہے
عام حالات میں پلاسٹک بیگ کی جگہ کیا؟,کپڑے یا کاغذ کے تھیلے
حقیقت میں سمندر کی حفاظت کیوں؟,ماحولیاتی توازن کے لیے
عمومی طور پر بھاپ پانی کی کون سی حالت ہے؟,بھاپ پانی کی گیسی حالت ہے
حقیقت میں پاس ورڈ مضبوط کیسے بنائیں؟,حروف، نمبر اور علامات ملا کر
عملاً کھانا ضائع کیوں نہ کریں؟,وسائل کی بچت ہوتی ہے
عملاً تاریخ پڑھنے کا فائدہ؟,ماضی سے سبق ملتا ہے
عمومی طور پر انٹرنیٹ کیا ہے؟,دنیا بھر کے کمپیوٹرز کا نیٹ ورک
عملاً ترازو کیا کرتا ہے؟,وزن ناپتا ہے
اکثر لائبریری جانے کا فائدہ؟,کتابیں اور پرسکون ماحول
ذیابیطس کیا ہے؟,خون میں شکر کی مقدار زیادہ ہونا
زیادہ تر بلڈ پریشر کیا ہے؟,خون کی نالیوں میں دباؤ
اکثر اسپیکر کیا ہے؟,آواز باہر نکالتا ہے
عمومی طور پر ہارڈ ڈرائیو کیا ہے؟,ڈیٹا مستقل محفوظ رکھنے کا آلہ
عام طور پر تعاون کرنے کا فائدہ؟,کام آسان ہو جاتا ہے
سمندر میں کچرا پھینکنے کا نقصان؟,سمندری حیات متاثر ہوتی ہے
حقیقت میں جھوٹ بولنا کیسا؟,برداشت نہیں کرنا چاہیے
اکثر ذمہ داری نبھانا کیوں؟,اعتماد بڑھتا ہے
عام حالات میں سبزیاں کیوں کھانی چاہییں؟,وٹامنز اور فائبر ملتے ہیں
عام طور پر نباتات کو سورج کی روشنی کیوں ضروری ہے؟,فوتوسنتھیس کے ذریعے خوراک بنانے کے لیے
عملاً موبائل کا زیادہ استعمال کیسا؟,حد میں رکھنا بہتر ہے
عام طور پر کیلشیم کیوں ضروری ہے؟,ہڈیاں اور دانت مضبوط بناتا ہے
صحت مند دل کے لیے کیا کریں؟,ورزش اور کم تیل والی غذا
عمومی طور پر نقشہ کا استعمال؟,سمت اور مقام بتانے کے لیے
حقیقت میں ہارڈ ڈرائیو کیا ہے؟,ڈیٹا مستقل محفوظ رکھنے کا آلہ
دودھ کے کیا فائدے ہیں؟,ہڈیاں مضبوط بناتا ہے
اکثر قلم کیسے پکڑیں؟,آرام دہ اور صحیح گرفت سے
اکثر موسم گرما میں پودوں کا خیال؟,باقاعدہ پانی دیں
عام طور پر زخم پر کیا لگانا چاہیے؟,صاف پٹی اور اینٹی سیپٹک
حقیقت میں بھاپ پانی کی کون سی حالت ہے؟,بھاپ پانی کی گیسی حالت ہے
حقیقت میں بارش کیسے ہوتی ہے؟,بادل میں بخارات ٹھنڈے ہو کر قطروں کی شکل میں گرتے ہیں
حقیقت میں سائنسی تجربہ کیا ہے؟,فرضیہ کی جانچ کا طریقہ
زیادہ تر زلزلہ کیوں آتا ہے؟,زمین کی تہوں کی حرکت سے
ایمانداری کا فائدہ؟,اعتماد اور عزت ملتی ہے
عمومی طور پر خوش اخلاقی کا فائدہ؟,رشتے بہتر ہوتے ہیں
زیادہ تر پلاسٹک بیگ کی جگہ کیا؟,کپڑے یا کاغذ کے تھیلے
پلاسٹک کا نقصان؟,ماحول آلودہ ہوتا ہے
اکثر جوتوں کی ریک کیوں؟,ترتیب اور جگہ کی بچت
عملاً کچرا کہاں ڈالیں؟,مخصوص ڈسٹ بن میں
عام طور پر بجلی کے سوئچ آف کیوں؟,بجلی کی بچت اور حفاظت
عام طور پر وزن کنٹرول کرنے کا طریقہ؟,صحت مند غذا اور ورزش
زیادہ تر پلاسٹک جلانے کا نقصان؟,زہریلی گیسیں نکلتی ہیں
حقیقت میں گروپ پروجیکٹ کا فائدہ؟,ٹیم ورک اور سیکھنے کا موقع
حقیقت میں خوش اخلاقی کا فائدہ؟,رشتے بہتر ہوتے ہیں
عمومی طور پر پرنٹر کیا کرتا ہے؟,کاغذ پر پرنٹ کرتا ہے
ہوم ورک وقت پر کیوں؟,عادت اور سیکھنے کے لیے
عملاً مثبت کردار کیسے؟,اچھے اخلاق اور ذمہ داری سے
اکثر پانی کا ٹینک صاف کیوں رکھیں؟,صحت مند پانی کے لیے
حقیقت میں چارجنگ کیا ہے؟,بیٹری میں بجلی بھرنا
عمومی طور پر ڈیجیٹل کیمرہ کیا کرتا ہے؟,تصاویر اور ویڈیوز بناتا ہے
عام طور پر پانی کا فلٹر کیوں؟,صاف پانی کے لیے
امتحان کی تیاری کیسے؟,باقاعدہ مطالعہ اور مشق
وقت پر کام کرنے کی عادت؟,کامیابی میں مدد دیتی ہے
عمومی طور پر دودھ کے کیا فائدے ہیں؟,ہڈیاں مضبوط بناتا ہے
عام طور پر بادل کیسے بنتے ہیں؟,بخارات کے ٹھنڈے ہونے سے
سوال پوچھنا کیوں اچھا؟,سمجھ بہتر ہوتی ہے
عمومی طور پر معافی قبول کرنا کیسا؟,رشتے بحال ہوتے ہیں
عام حالات میں خریداری میں کیا خیال؟,معیار اور قیمت کا
عمومی طور پر موسم کیسے بدلتے ہیں؟,زمین کے سورج کے گرد چکر سے
عملاً تمباکو نوشی کا نقصان؟,کئی بیماریوں کا سبب بنتی ہے
حقیقت میں ورزش سے پہلے کیا کریں؟,وارم اپ ضروری ہے
عمومی طور پر انٹرنیٹ بینکنگ کیا ہے؟,انٹرنیٹ کے ذریعے بینک کے کام کرنا
عمومی طور پر ریاضی سیکھنے کا فائدہ؟,سوچنے کی صلاحیت بڑھتی ہے
عمومی طور پر آگ کے لیے کون سی چیز ضروری ہے؟,آکسیجن آگ کے لیے ضروری ہے
حقیقت میں وعدہ خلافی کا نقصان؟,اعتماد ختم ہوتا ہے
عام حالات میں علم حاصل کرنا کیوں؟,زندگی بہتر بنتی ہے
آلودگی کیسے کم کریں؟,عوامی ٹرانسپورٹ اور درخت لگا کر
روزانہ کتنا پانی پینا چاہیے؟,تقریباً آٹھ گلاس
اکثر کچرا الگ کیوں کریں؟,ری سائیکلنگ آسان ہوتی ہے
عملاً وقت کی پابندی کیوں اہم؟,کام بروقت ہوتا ہے
عمومی طور پر ٹریفک قوانین کیوں مانیں؟,حادثات کم ہوتے ہیں
زیادہ تر بجلی کیسے بچائیں؟,غیر ضروری آلات بند کر کے
حقیقت میں مدد کرنے کا فائدہ؟,خوشی اور اچھے رشتے
عام طور پر پڑھائی کا بہترین وقت کون سا؟,صبح کا وقت عام طور پر بہتر ہوتا ہے
آئینہ کیسے کام کرتا ہے؟,روشنی کی عکاسی سے تصویر دکھاتا ہے
حقیقت میں پلاسٹک کا نقصان؟,ماحول آلودہ ہوتا ہے
زیادہ تر آواز کیسے سفر کرتی ہے؟,ہوا کی لہروں سے
عمومی طور پر روبوٹ کیا ہے؟,خودکار مشین جو کام انجام دیتی ہے
حقیقت میں کپڑے دھونے کا بہتر طریقہ؟,مناسب صابن اور پانی سے
زیادہ تر دن رات کیسے بنتے ہیں؟,زمین کے گھومنے سے
وقت کا انتظام کیسے؟,ترجیحات اور شیڈول سے
سورج نکلنے کا وقت کیا کہلاتا ہے؟,طلوع آفتاب
عمومی طور پر ترازو کیا کرتا ہے؟,وزن ناپتا ہے
ای میل کسے کہتے ہیں؟,الیکٹرانک پیغام بھیجنے کا طریقہ
ویب سائٹ کیا کہلاتا ہے؟,انٹرنیٹ پر معلومات کا صفحہ
آلودگی کس طرح کم کریں؟,عوامی ٹرانسپورٹ اور درخت لگا کر
زیادہ تر گھر میں بجلی کا بل کیسے کم کریں؟,ایل ای ڈی بلب اور احتیاط سے
عام حالات میں سائنس پڑھنے کا فائدہ؟,دنیا کو سمجھنے میں مدد ملتی ہے
اکثر موسم سرما میں پودوں کا خیال؟,زیادہ پانی سے بچائیں
زیادہ تر بارش میں نکلتے وقت کیا کریں؟,چھتری یا بارش سے بچاؤ
عملاً مہمان نوازی کیسے؟,احترام اور خوش اخلاقی سے
اکثر سرچ انجن کیا کرتا ہے؟,انٹرنیٹ پر معلومات تلاش کرتا ہے
زیادہ تر زمین سورج کے گرد کتنی دیر میں چکر لگاتی ہے؟,تقریباً 365 دن میں
عام طور پر سرچ انجن کیا کرتا ہے؟,انٹرنیٹ پر معلومات تلاش کرتا ہے
عام طور پر ریاضی سیکھنے کا فائدہ؟,سوچنے کی صلاحیت بڑھتی ہے
عمومی طور پر غصے پر قابو کیسے؟,گہری سانس اور سکون سے
عام طور پر وعدہ خلافی کا نقصان؟,اعتماد ختم ہوتا ہے
فیکٹریوں کا دھواں نقصان دہ کیوں؟,ہوا آلودہ ہوتی ہے
عام طور پر ورزش سے پہلے کیا کریں؟,وارم اپ ضروری ہے
پریزنٹیشن کیسے بنائیں؟,نقاط مرتب کر کے اور مشق کر کے
عام حالات میں نقشہ کا استعمال؟,سمت اور مقام بتانے کے لیے
عمومی طور پر سمندر کی حفاظت کیوں؟,ماحولیاتی توازن کے لیے
رنگ کس طرح نظر آتے ہیں؟,روشنی کی عکاسی سے
حقیقت میں پلاسٹک جلانے کا نقصان؟,زہریلی گیسیں نکلتی ہیں
جغرافیہ سیکھنے کا فائدہ؟,دنیا کے بارے میں علم
زیادہ تر گھر میں فرسٹ ایڈ باکس کیوں؟,ہنگامی مدد کے لیے
پانی کا کیمیائی فارمولا کیا کہلاتا ہے؟,پانی کا کیمیائی فارمولا H2O ہے
عام حالات میں پانی کیسے بچائیں؟,نل بند رکھ کر اور درست استعمال سے
عام حالات میں تھرمامیٹر کیا ناپتا ہے؟,درجہ حرارت
عمومی طور پر سال میں کتنے مہینے؟,بارہ مہینے
زیادہ تر ندی نالے صاف رکھنے کیوں؟,پانی آلودہ نہیں ہوتا
حقیقت میں آلودگی کیسے کم کریں؟,عوامی ٹرانسپورٹ اور درخت لگا کر
عام حالات میں انٹرنیٹ کیا ہے؟,دنیا بھر کے کمپیوٹرز کا نیٹ ورک
عام طور پر تھرمامیٹر کیا ناپتا ہے؟,درجہ حرارت
اکثر سمندر میں کچرا پھینکنے کا نقصان؟,سمندری حیات متاثر ہوتی ہے
عام طور پر قدرتی کیڑے کنٹرول؟,فائدہ مند کیڑے استعمال کر کے
حقیقت میں شکریہ ادا کرنا کیوں؟,قدر کرنے کا اظہار
عام حالات میں ری سائیکلنگ کیا ہے؟,پرانی چیزوں کا دوبارہ استعمال
حقیقت میں ماؤس کیا کام کرتا ہے؟,سکرین پر اشارہ کرنے کا آلہ
حقیقت میں معافی مانگنا کب؟,غلطی پر
عملاً معافی مانگنا کب؟,غلطی پر
سال کے کتنے موسم؟,چار موسم عام ہیں
حقیقت میں خریداری میں کیا خیال؟,معیار اور قیمت کا
اکثر کمپیوٹر کے اہم حصے کون سے ہیں؟,پروسیسر، میموری اور اسٹوریج
مقناطیس کیا کرتا ہے؟,لوہے کو کھینچتا ہے
اکثر دن کے وسط کو کیا کہتے ہیں؟,دوپہر
زیادہ تر دن کے وسط کو کیا کہتے ہیں؟,دوپہر
عمومی طور پر صبر کیوں ضروری؟,بہتر فیصلے ہوتے ہیں
عمومی طور پر توقع سے زیادہ نمک کھانا کیسا؟,صحت کے لیے نقصان دہ
حقیقت میں نیند کیوں ضروری ہے؟,جسم اور دماغ کو آرام ملتا ہے
عام طور پر کچرا سڑک پر پھینکنے کا نقصان؟,ماحول گندا ہوتا ہے
عام حالات میں بچت کرنا کیوں اہم؟,مستقبل کے لیے مددگار
عام طور پر کیڑے مار ادویات کا استعمال؟,احتیاط سے اور ضرورت پر
اکثر کی بورڈ کیا کرتا ہے؟,لکھنے اور کمانڈ دینے کا آلہ
اکثر سمندر کی حفاظت کیوں؟,ماحولیاتی توازن کے لیے
اکثر کچن صاف رکھنے کا فائدہ؟,جراثیم کم ہوتے ہیں
عملاً بزرگوں کا احترام کیوں؟,تجربے کی قدر
حقیقت میں ورزش کے فائدے کیا ہیں؟,طاقت بڑھتی ہے اور صحت بہتر ہوتی ہے
عمومی طور پر رنگ کیسے نظر آتے ہیں؟,روشنی کی عکاسی سے
عمومی طور پر نباتات کو سورج کی روشنی کیوں ضروری ہے؟,فوتوسنتھیس کے ذریعے خوراک بنانے کے لیے
عملاً ای میل کیا ہے؟,الیکٹرانک پیغام بھیجنے کا طریقہ
حقیقت میں صحت مند دل کے لیے کیا کریں؟,ورزش اور کم تیل والی غذا
اکثر کتاب پڑھنے کا فائدہ؟,علم اور تخیل بڑھتا ہے
عملاً باقاعدہ چیک اپ کیوں؟,بیماری جلد پہچانی جا سکتی ہے
عمومی طور پر سوال پوچھنا کیوں اچھا؟,سمجھ بہتر ہوتی ہے
عام طور پر اسکینر کیا ہے؟,کاغذی دستاویز کو ڈیجیٹل بناتا ہے
اکثر قدرتی کیڑے کنٹرول؟,فائدہ مند کیڑے استعمال کر کے
عام طور پر رنگ کیسے نظر آتے ہیں؟,روشنی کی عکاسی سے
اسپیکر کیا ہے؟,آواز باہر نکالتا ہے
تنقید قبول کرنا کیسا؟,بہتری میں مدد دیتی ہے
عام طور پر روشنی کس رفتار سے سفر کرتی ہے؟,روشنی بہت تیز رفتار سے سفر کرتی ہے
حقیقت میں کلاس میں توجہ کیسے؟,فعال شرکت اور نوٹس سے
عام طور پر صحت مند دل کے لیے کیا کریں؟,ورزش اور کم تیل والی غذا
عام حالات میں ڈیجیٹل کیمرہ کیا کرتا ہے؟,تصاویر اور ویڈیوز بناتا ہے
عام طور پر وقت کا انتظام کیسے؟,ترجیحات اور شیڈول سے
بزرگوں کا احترام کیوں؟,تجربے کی قدر
سورج کی روشنی کی رفتار کیا کہلاتا ہے؟,تقریباً تین لاکھ کلومیٹر فی سیکنڈ
عام حالات میں بلوٹوتھ کیا ہے؟,بغیر تار کے آلات جوڑنے کی ٹیکنالوجی
عملاً موبائل ڈیٹا کیا ہے؟,موبائل نیٹ ورک سے انٹرنیٹ
زیادہ تر فاسٹ فوڈ زیادہ کھانا کیسا ہے؟,صحت کے لیے نقصان دہ ہو سکتا ہے
عام طور پر کمپوسٹ کیا ہے؟,قدرتی کھاد بنانے کا طریقہ
اکثر صحت مند رہنے کا طریقہ کیا ہے؟,ورزش، صحت مند غذا اور نیند
صبح جلدی اٹھنے کا فائدہ؟,دن کا کام بہتر ہوتا ہے
عام طور پر سورج ڈوبنے کا وقت کیا کہلاتا ہے؟,غروب آفتاب
عام طور پر ماحول صاف رکھنا کیوں؟,سب کی ذمہ داری
عملاً پاس ورڈ محفوظ رکھنے کا فائدہ؟,ذاتی معلومات کی حفاظت
حقیقت میں کچرا الگ کیوں کریں؟,ری سائیکلنگ آسان ہوتی ہے
اکثر غلطی سے سیکھنا کیسا؟,بہتری کا موقع ملتا ہے
اکثر علم حاصل کرنا کیوں؟,زندگی بہتر بنتی ہے
اکثر سبزیاں کیوں کھانی چاہییں؟,وٹامنز اور فائبر ملتے ہیں
عملاً پلاسٹک بیگ کی جگہ کیا؟,کپڑے یا کاغذ کے تھیلے
زیادہ تر باقاعدہ چیک اپ کیوں؟,بیماری جلد پہچانی جا سکتی ہے
عام طور پر بخیل ہونا کیسا؟,رشتوں کو نقصان پہنچاتا ہے
عام طور پر داंत صاف رکھنے کا طریقہ؟,روزانہ برش کرنا چاہیے
سورج ڈوبنے کا وقت کیا کہلاتا ہے؟,غروب آفتاب
اکثر سولر پینل کیا کرتا ہے؟,سورج کی روشنی سے بجلی بناتا ہے
سائبر سیکیورٹی کیا ہے؟,ڈیجیٹل معلومات کی حفاظت
اکثر بیج کیسے اگائیں؟,مٹی، پانی اور روشنی سے
اکثر الیکٹرک گاڑی کا فائدہ؟,کم آلودگی اور ایندھن کی بچت
عملاً گھر میں پودے کیوں لگائیں؟,ماحول صاف اور خوبصورت ہوتا ہے
عام طور پر بجلی کیسے بچائیں؟,غیر ضروری آلات بند کر کے
عام طور پر سولر پینل کیا کرتا ہے؟,سورج کی روشنی سے بجلی بناتا ہے
عام طور پر درخت کٹنے کا نقصان؟,ماحول متاثر ہوتا ہے
عمومی طور پر دن رات کیسے بنتے ہیں؟,زمین کے گھومنے سے
عمومی طور پر کی بورڈ کیا کرتا ہے؟,لکھنے اور کمانڈ دینے کا آلہ
عمومی طور پر شکایت کرنے سے بہتر کیا؟,حل تلاش کرنا
زیادہ تر غریبوں کی مدد کیوں؟,انسانیت کا تقاضا
عام طور پر گھڑی کا کام؟,وقت بتانا
عمومی طور پر ہفتے کا پہلا دن کون سا؟,پیر یا اتوار علاقے کے مطابق
حقیقت میں نوٹس بنانا کیوں مفید؟,یادداشت بہتر ہوتی ہے
یادداشت کیسے بہتر کریں؟,دہرائی اور اچھی نیند سے
حقیقت میں ذمہ داری نبھانا کیوں؟,اعتماد بڑھتا ہے
عملاً پڑھائی میں توجہ کیسے؟,پرسکون جگہ اور شیڈول سے
عمومی طور پر محنتی ہونا کیسا؟,کامیابی کی کنجی ہے
حقیقت میں موبائل کا زیادہ استعمال کیسا؟,حد میں رکھنا بہتر ہے
توقع سے زیادہ نمک کھانا کیسا؟,صحت کے لیے نقصان دہ
پاس ورڈ محفوظ رکھنے کا فائدہ؟,ذاتی معلومات کی حفاظت
عام طور پر روبوٹ کیا ہے؟,خودکار مشین جو کام انجام دیتی ہے
حقیقت میں صداقت کی اہمیت؟,اعتماد پیدا ہوتا ہے
عملاً ریاضی سیکھنے کا فائدہ؟,سوچنے کی صلاحیت بڑھتی ہے
عام طور پر ماحول کی صفائی کیوں؟,صحت بہتر رہتی ہے
زیادہ تر کلاؤڈ سٹوریج کیا ہے؟,انٹرنیٹ پر ڈیٹا محفوظ رکھنے کا طریقہ
زیادہ تر گاڑی کم چلانے کا فائدہ؟,آلودگی کم ہوتی ہے
اکثر احترام کیوں ضروری؟,رشتے بہتر بنتے ہیں
حقیقت میں جوتے صاف رکھنے کیوں؟,اچھی عادت اور لمبی عمر
عملاً صداقت کی اہمیت؟,اعتماد پیدا ہوتا ہے
عمومی طور پر چاند زمین کے گرد کتنی دیر میں چکر لگاتا ہے؟,تقریباً 27 دن میں
وعدہ خلافی کا نقصان؟,اعتماد ختم ہوتا ہے
عام حالات میں بارش کیسے ہوتی ہے؟,بادل میں بخارات ٹھنڈے ہو کر قطروں کی شکل میں گرتے ہیں
ہیڈ فون کیا ہے؟,آواز سننے کا ذاتی آلہ
حقیقت میں مہینے کے کتنے ہفتے؟,تقریباً چار ہفتے
عملاً فاسٹ فوڈ زیادہ کھانا کیسا ہے؟,صحت کے لیے نقصان دہ ہو سکتا ہے
عمومی طور پر بجلی کیسے بچائیں؟,غیر ضروری آلات بند کر کے
عمومی طور پر موبائل کو چارج کرتے وقت خیال؟,زیادہ گرم نہ ہونے دیں
عام طور پر قدرتی وسائل کی حفاظت کیوں؟,آنے والی نسلوں کے لیے
پانی کا کیمیائی فارمولا کسے کہتے ہیں؟,پانی کا کیمیائی فارمولا H2O ہے
زیادہ تر سائنسی تجربہ کیا ہے؟,فرضیہ کی جانچ کا طریقہ
صبر کا پھل کیا؟,کامیابی اور سکون
پروٹین کن چیزوں میں ہے؟,انڈے، دودھ، گوشت اور دالوں میں
گھر کے کام میں مدد کیوں؟,ذمہ داری اور تعاون بڑھتا ہے
عام حالات میں جھوٹ بولنا کیسا؟,برداشت نہیں کرنا چاہیے
سائنس پراجیکٹ کیسے بنائیں؟,تحقیق اور تجربہ سے
انٹرنیٹ بینکنگ کیا ہے؟,انٹرنیٹ کے ذریعے بینک کے کام کرنا
حقیقت میں ڈکشنری کا استعمال؟,الفاظ کے معنی جاننے کے لیے
عام طور پر الرجی کیا ہے؟,جسم کا غیر معمولی ردعمل
عام طور پر پودے خشک کیوں نہ ہونے دیں؟,وہ آکسیجن دیتے ہیں
عام طور پر آن لائن تعلیم کا فائدہ؟,گھر بیٹھے سیکھنے کی سہولت
عام طور پر لکھائی کی مشق کیوں؟,لکھنے کی صلاحیت بہتر ہوتی ہے
زیادہ تر پاس ورڈ محفوظ رکھنے کا فائدہ؟,ذاتی معلومات کی حفاظت
عمومی طور پر ویب سائٹ کیا ہے؟,انٹرنیٹ پر معلومات کا صفحہ
زیادہ تر وقت کی پابندی کیوں اہم؟,کام بروقت ہوتا ہے
عملاً زلزلہ کیوں آتا ہے؟,زمین کی تہوں کی حرکت سے
عمومی طور پر بخار آنے پر کیا کریں؟,آرام اور ڈاکٹر سے مشورہ
زیادہ تر بھاپ پانی کی کون سی حالت ہے؟,بھاپ پانی کی گیسی حالت ہے
عملاً پودے گھر میں کیوں؟,ہوا صاف رہتی ہے
زیادہ تر سورج نکلنے کا وقت کیا کہلاتا ہے؟,طلوع آفتاب
عام طور پر گھر کی صفائی کیوں؟,صحت اور خوشگوار ماحول
زیادہ تر سورج کی روشنی کی رفتار کیا ہے؟,تقریباً تین لاکھ کلومیٹر فی سیکنڈ
عام طور پر سال میں کتنے مہینے؟,بارہ مہینے
عام طور پر بلوٹوتھ کیا ہے؟,بغیر تار کے آلات جوڑنے کی ٹیکنالوجی
اکثر مہینے کے کتنے ہفتے؟,تقریباً چار ہفتے
زیادہ تر روشنی کس رفتار سے سفر کرتی ہے؟,روشنی بہت تیز رفتار سے سفر کرتی ہے
عملاً سورج کی روشنی کی رفتار کیا ہے؟,تقریباً تین لاکھ کلومیٹر فی سیکنڈ
صداقت کی اہمیت؟,اعتماد پیدا ہوتا ہے
شکریہ ادا کرنا کیوں؟,قدر کرنے کا اظہار
سورج کی روشنی کی رفتار کسے کہتے ہیں؟,تقریباً تین لاکھ کلومیٹر فی سیکنڈ
اکثر جنگلات کی حفاظت کیوں؟,موسمیاتی توازن کے لیے
عملاً ویب سائٹ کیا ہے؟,انٹرنیٹ پر معلومات کا صفحہ
حقیقت میں اسکول کا بیگ ہلکا کیوں رکھیں؟,کمر کے درد سے بچاؤ
اکثر وعدہ خلافی کا نقصان؟,اعتماد ختم ہوتا ہے
سوشل میڈیا کیا کہلاتا ہے؟,آن لائن معلومات شیئر کرنے کے پلیٹ فارم
حقیقت میں کان کی صفائی کیسے؟,احتیاط سے اور نرمی سے
علم حاصل کرنا کیوں؟,زندگی بہتر بنتی ہے
عمومی طور پر آواز کیسے سفر کرتی ہے؟,ہوا کی لہروں سے
عام طور پر فاسٹ فوڈ زیادہ کھانا کیسا ہے؟,صحت کے لیے نقصان دہ ہو سکتا ہے
سوشل میڈیا کسے کہتے ہیں؟,آن لائن معلومات شیئر کرنے کے پلیٹ فارم
مائیکروفون کیا کرتا ہے؟,آواز ریکارڈ کرتا ہے
عام حالات میں پڑوسیوں سے رویہ کیسا؟,اچھا اور مددگار
اکثر پڑھائی کی روشنی کیسی ہو؟,کافی اور یکساں روشنی
اکثر امتحان کی تیاری کیسے؟,باقاعدہ مطالعہ اور مشق
معافی مانگنا کب؟,غلطی پر
اکثر کیلنڈر کیا بتاتا ہے؟,تاریخ اور دن
عمومی طور پر پاس ورڈ مضبوط کیسے بنائیں؟,حروف، نمبر اور علامات ملا کر
اکثر گاڑی کا ہارن زیادہ بجانا کیسا؟,شور کی آلودگی
عملاً آئینہ کیسے کام کرتا ہے؟,روشنی کی عکاسی سے تصویر دکھاتا ہے
اکثر سورج ڈوبنے کا وقت کیا کہلاتا ہے؟,غروب آفتاب
احترام کیوں ضروری؟,رشتے بہتر بنتے ہیں
حقیقت میں زمین سورج کے گرد کتنی دیر میں چکر لگاتی ہے؟,تقریباً 365 دن میں
اکثر موبائل کا زیادہ استعمال کیسا؟,حد میں رکھنا بہتر ہے
بارش کا پانی جمع کرنے کا فائدہ؟,پانی کی بچت
سولر پینل کیا کرتا ہے؟,سورج کی روشنی سے بجلی بناتا ہے
عمومی طور پر بخیل ہونا کیسا؟,رشتوں کو نقصان پہنچاتا ہے
عمومی طور پر بارش کا پانی پودوں کے لیے کیسا؟,عام طور پر اچھا ہوتا ہے
عمومی طور پر داंत صاف رکھنے کا طریقہ؟,روزانہ برش کرنا چاہیے
موسم کس طرح بدلتے ہیں؟,زمین کے سورج کے گرد چکر سے
عملاً گھڑی کا کام؟,وقت بتانا
زیادہ تر پریزنٹیشن کیسے بنائیں؟,نقاط مرتب کر کے اور مشق کر کے
اکثر سال میں کتنے مہینے؟,بارہ مہینے
حقیقت میں بزرگوں کا احترام کیوں؟,تجربے کی قدر
عام طور پر موسم سرما میں پودوں کا خیال؟,زیادہ پانی سے بچائیں
اکثر خریداری میں کیا خیال؟,معیار اور قیمت کا
اکثر آلودگی کیسے کم کریں؟,عوامی ٹرانسپورٹ اور درخت لگا کر
عام حالات میں لکھائی کی مشق کیوں؟,لکھنے کی صلاحیت بہتر ہوتی ہے
زیادہ تر شکریہ ادا کرنا کیوں؟,قدر کرنے کا اظہار
عمومی طور پر پڑھائی کا بہترین وقت کون سا؟,صبح کا وقت عام طور پر بہتر ہوتا ہے
عمومی طور پر پودے خشک کیوں نہ ہونے دیں؟,وہ آکسیجن دیتے ہیں
اکثر ویب سائٹ کیا ہے؟,انٹرنیٹ پر معلومات کا صفحہ
عمومی طور پر پڑوسیوں سے رویہ کیسا؟,اچھا اور مددگار
عمومی طور پر موسم سرما میں پودوں کا خیال؟,زیادہ پانی سے بچائیں
عام طور پر ہفتے کے کتنے دن؟,سات دن
عمومی طور پر رات کو جلدی سونا کیسا؟,صحت کے لیے اچھا ہے
پھولوں کی دیکھ بھال کیسے؟,پانی اور مناسب روشنی
عمومی طور پر سورج ڈوبنے کا وقت کیا کہلاتا ہے؟,غروب آفتاب
حقیقت میں درخت لگانے کا فائدہ؟,آکسیجن اور صاف ماحول
اکثر قدرتی وسائل کی حفاظت کیوں؟,آنے والی نسلوں کے لیے
عام طور پر جوتوں کی ریک کیوں؟,ترتیب اور جگہ کی بچت
عمومی طور پر گھر میں پودے کیوں لگائیں؟,ماحول صاف اور خوبصورت ہوتا ہے
عمومی طور پر سبزیاں کیوں کھانی چاہییں؟,وٹامنز اور فائبر ملتے ہیں
حقیقت میں بارش میں نکلتے وقت کیا کریں؟,چھتری یا بارش سے بچاؤ
اکثر ریاضی سیکھنے کا فائدہ؟,سوچنے کی صلاحیت بڑھتی ہے
حقیقت میں ریاضی سیکھنے کا فائدہ؟,سوچنے کی صلاحیت بڑھتی ہے
حقیقت میں گھر میں پودے کیوں لگائیں؟,ماحول صاف اور خوبصورت ہوتا ہے
عام طور پر دوستی کیسے نبھائیں؟,ایمانداری اور احترام سے
اکثر رات کو جلدی سونا کیسا؟,صحت کے لیے اچھا ہے
زیادہ تر جنگلات کی حفاظت کیوں؟,موسمیاتی توازن کے لیے
عمومی طور پر نیند کیوں ضروری ہے؟,جسم اور دماغ کو آرام ملتا ہے
زیادہ تر توقع سے زیادہ نمک کھانا کیسا؟,صحت کے لیے نقصان دہ
انٹرنیٹ کیا کہلاتا ہے؟,دنیا بھر کے کمپیوٹرز کا نیٹ ورک
عام طور پر دوستی میں جھوٹ کیسا؟,رشتہ کمزور کرتا ہے
اکثر گاڑی کم چلانے کا فائدہ؟,آلودگی کم ہوتی ہے
زیادہ تر پڑوسیوں سے رویہ کیسا؟,اچھا اور مددگار
عام طور پر کپڑے دھونے کا بہتر طریقہ؟,مناسب صابن اور پانی سے
حقیقت میں وقت کی قدر کیوں؟,وقت واپس نہیں آتا
عملاً سرچ انجن کیا کرتا ہے؟,انٹرنیٹ پر معلومات تلاش کرتا ہے
عام طور پر سمندر کی حفاظت کیوں؟,ماحولیاتی توازن کے لیے
کتاب پڑھنے کا فائدہ؟,علم اور تخیل بڑھتا ہے
برف پانی کی کون سی حالت ہے؟,برف پانی کی ٹھوس حالت ہے
اکثر پاس ورڈ مضبوط کیسے بنائیں؟,حروف، نمبر اور علامات ملا کر
عام طور پر گھر کے کام میں مدد کیوں؟,ذمہ داری اور تعاون بڑھتا ہے
کپڑے دھونے کا بہتر طریقہ؟,مناسب صابن اور پانی سے
عملاً ہفتے کے کتنے دن؟,سات دن
عمومی طور پر آنکھوں کی حفاظت کیسے؟,زیادہ سکرین سے پرہیز اور روشنی کا خیال
حقیقت میں جلد کی حفاظت کیسے؟,سورج سے بچاؤ اور نمی برقرار رکھنا
عام حالات میں ہاتھ دھونا کیوں ضروری ہے؟,جراثیم ختم ہوتے ہیں
حقیقت میں سال کے کتنے موسم؟,چار موسم عام ہیں
پڑھائی کی روشنی کیسی ہو؟,کافی اور یکساں روشنی
مثبت کردار کس طرح؟,اچھے اخلاق اور ذمہ داری سے
زیادہ تر ہفتے کا پہلا دن کون سا؟,پیر یا اتوار علاقے کے مطابق
عمومی طور پر وقت کی قدر کیوں؟,وقت واپس نہیں آتا
عام حالات میں دوستی کیسے نبھائیں؟,ایمانداری اور احترام سے
زیادہ تر سورج کی توانائی کا فائدہ؟,صاف اور لامحدود توانائی
انٹرنیٹ کیا ہے؟,دنیا بھر کے کمپیوٹرز کا نیٹ ورک
زیادہ تر غصے پر قابو کیسے؟,گہری سانس اور سکون سے
بجلی کا میٹر کیا بتاتا ہے؟,استعمال شدہ یونٹس
عام حالات میں چاند پر زندگی ممکن ہے؟,نہیں، چاند پر زندگی ممکن نہیں
اکثر بجلی کا میٹر کیا بتاتا ہے؟,استعمال شدہ یونٹس
عمومی طور پر گاڑی کا ہارن زیادہ بجانا کیسا؟,شور کی آلودگی
عملاً کچرا الگ کیوں کریں؟,ری سائیکلنگ آسان ہوتی ہے
اکثر زخم پر کیا لگانا چاہیے؟,صاف پٹی اور اینٹی سیپٹک
خوش اخلاقی کا فائدہ؟,رشتے بہتر ہوتے ہیں
وائی فائی کسے کہتے ہیں؟,بغیر تار کے انٹرنیٹ کنکشن
زیادہ تر وعدہ خلافی کا نقصان؟,اعتماد ختم ہوتا ہے
عمومی طور پر ای میل کیا ہے؟,الیکٹرانک پیغام بھیجنے کا طریقہ
عام طور پر لائبریری جانے کا فائدہ؟,کتابیں اور پرسکون ماحول
حقیقت میں کتاب پڑھنے کا فائدہ؟,علم اور تخیل بڑھتا ہے
زیادہ تر گھر میں پودے کیوں لگائیں؟,ماحول صاف اور خوبصورت ہوتا ہے
عام حالات میں کچرا الگ کیوں کریں؟,ری سائیکلنگ آسان ہوتی ہے
موبائل ڈیٹا کیا ہے؟,موبائل نیٹ ورک سے انٹرنیٹ
عام طور پر گیس کا بل کیسے کم کریں؟,احتیاط سے استعمال کر کے
عام حالات میں آگ کے لیے کون سی چیز ضروری ہے؟,آکسیجن آگ کے لیے ضروری ہے
عمومی طور پر کمپیوٹر وائرس کیا ہے؟,ایسا پروگرام جو کمپیوٹر کو نقصان پہنچاتا ہے
اکثر تمباکو نوشی کا نقصان؟,کئی بیماریوں کا سبب بنتی ہے
زیادہ تر روبوٹ کیا ہے؟,خودکار مشین جو کام انجام دیتی ہے
عام حالات میں سمندر کی حفاظت کیوں؟,ماحولیاتی توازن کے لیے
عام طور پر سال کے کتنے موسم؟,چار موسم عام ہیں
اکثر گھر کی صفائی کیوں؟,صحت اور خوشگوار ماحول
عام طور پر روزانہ کتنا پانی پینا چاہیے؟,تقریباً آٹھ گلاس
ایپ کسے کہتے ہیں؟,موبائل یا کمپیوٹر پر چلنے والا پروگرام
عمومی طور پر کپڑے دھونے کا بہتر طریقہ؟,مناسب صابن اور پانی سے
اکثر چاند زمین کے گرد کتنی دیر میں چکر لگاتا ہے؟,تقریباً 27 دن میں
عام طور پر انٹرنیٹ کیا ہے؟,دنیا بھر کے کمپیوٹرز کا نیٹ ورک
حقیقت میں سوشل میڈیا کیا ہے؟,آن لائن معلومات شیئر کرنے کے پلیٹ فارم
زیادہ تر احترام کیوں ضروری؟,رشتے بہتر بنتے ہیں
اکثر نیند کیوں ضروری ہے؟,جسم اور دماغ کو آرام ملتا ہے
عام طور پر زمین سورج کے گرد کتنی دیر میں چکر لگاتی ہے؟,تقریباً 365 دن میں
عمومی طور پر جنگلات کی حفاظت کیوں؟,موسمیاتی توازن کے لیے
ندی نالے صاف رکھنے کیوں؟,پانی آلودہ نہیں ہوتا
عمومی طور پر گھر کی صفائی کیوں؟,صحت اور خوشگوار ماحول
عملاً ری سائیکلنگ کیا ہے؟,پرانی چیزوں کا دوبارہ استعمال
غصے پر قابو کیسے؟,گہری سانس اور سکون سے
زیادہ تر کمپیوٹر وائرس کیا ہے؟,ایسا پروگرام جو کمپیوٹر کو نقصان پہنچاتا ہے
عمومی طور پر ماحول کی صفائی کیوں؟,صحت بہتر رہتی ہے
عملاً اساتذہ کا احترام کیوں؟,وہ علم دیتے ہیں
کمپوسٹ کیا ہے؟,قدرتی کھاد بنانے کا طریقہ
اکثر کلاؤڈ سٹوریج کیا ہے؟,انٹرنیٹ پر ڈیٹا محفوظ رکھنے کا طریقہ
آگ کے لیے کون سی چیز ضروری ہے؟,آکسیجن آگ کے لیے ضروری ہے
حقیقت میں غصے پر قابو کیسے؟,گہری سانس اور سکون سے
اکثر آن لائن تعلیم کا فائدہ؟,گھر بیٹھے سیکھنے کی سہولت
عام طور پر ڈکشنری کا استعمال؟,الفاظ کے معنی جاننے کے لیے
عمومی طور پر گیس کے چولہے کا خیال؟,لیکس سے بچاؤ اور حفاظت
حقیقت میں محنتی ہونا کیسا؟,کامیابی کی کنجی ہے
بجلی سے کیسے بچیں؟,گیلے ہاتھوں سے سوئچ نہ چھویں
عام طور پر چاند زمین کے گرد کتنی دیر میں چکر لگاتا ہے؟,تقریباً 27 دن میں
عمومی طور پر سائنسی تجربہ کیا ہے؟,فرضیہ کی جانچ کا طریقہ
زیادہ تر پھل روزانہ کیوں کھائیں؟,وٹامنز اور فائبر ملتے ہیں
قدرتی وسائل کی حفاظت کیوں؟,آنے والی نسلوں کے لیے
عمومی طور پر ندی نالے صاف رکھنے کیوں؟,پانی آلودہ نہیں ہوتا
حقیقت میں ٹریفک قوانین کیوں مانیں؟,حادثات کم ہوتے ہیں
حقیقت میں سورج کی روشنی کی رفتار کیا ہے؟,تقریباً تین لاکھ کلومیٹر فی سیکنڈ
حقیقت میں صبر کا پھل کیا؟,کامیابی اور سکون
زیادہ تر سوال پوچھنا کیوں اچھا؟,سمجھ بہتر ہوتی ہے
عام حالات میں احترام کیوں ضروری؟,رشتے بہتر بنتے ہیں
موبائل کا زیادہ استعمال کیسا؟,حد میں رکھنا بہتر ہے
کچن صاف رکھنے کا فائدہ؟,جراثیم کم ہوتے ہیں
عمومی طور پر سبزی گھر میں کیوں اگائیں؟,تازہ اور صحت مند خوراک
حقیقت میں زخم پر کیا لگانا چاہیے؟,صاف پٹی اور اینٹی سیپٹک
زیادہ تر سبزیاں کیوں کھانی چاہییں؟,وٹامنز اور فائبر ملتے ہیں
عمومی طور پر ذہنی دباؤ کم کرنے کا طریقہ؟,گہری سانس اور سیر
اکثر معافی مانگنا کب؟,غلطی پر
حقیقت میں کچن ہڈ کیوں لگائیں؟,دھواں اور بو کم کرنے کے لیے
عام طور پر ری سائیکلنگ کیا ہے؟,پرانی چیزوں کا دوبارہ استعمال
اکثر دن رات کیسے بنتے ہیں؟,زمین کے گھومنے سے
عملاً ٹریفک قوانین کیوں مانیں؟,حادثات کم ہوتے ہیں
انسائیکلوپیڈیا کیا ہے؟,علم کی جامع کتاب
عام حالات میں وزن کنٹرول کرنے کا طریقہ؟,صحت مند غذا اور ورزش
زیادہ تر ماحول کی صفائی کیوں؟,صحت بہتر رہتی ہے
عام طور پر مثبت کردار کیسے؟,اچھے اخلاق اور ذمہ داری سے
دوستی میں جھوٹ کیسا؟,رشتہ کمزور کرتا ہے
اکثر غصے پر قابو کیسے؟,گہری سانس اور سکون سے
حقیقت میں پڑھائی کا بہترین وقت کون سا؟,صبح کا وقت عام طور پر بہتر ہوتا ہے
عام طور پر بورڈ پر لکھنے کا فائدہ؟,دوسروں کو دکھانے میں آسان
عملاً گھر کے کام میں مدد کیوں؟,ذمہ داری اور تعاون بڑھتا ہے
حقیقت میں سورج نکلنے کا وقت کیا کہلاتا ہے؟,طلوع آفتاب
اکثر وائی فائی کیا ہے؟,بغیر تار کے انٹرنیٹ کنکشن
زیادہ تر جوتے صاف رکھنے کیوں؟,اچھی عادت اور لمبی عمر
عام طور پر کچرا کہاں ڈالیں؟,مخصوص ڈسٹ بن میں
حقیقت میں بادل کیسے بنتے ہیں؟,بخارات کے ٹھنڈے ہونے سے
عملاً روشنی کس رفتار سے سفر کرتی ہے؟,روشنی بہت تیز رفتار سے سفر کرتی ہے
اکثر چاند پر زندگی ممکن ہے؟,نہیں، چاند پر زندگی ممکن نہیں
عام طور پر مہینے کے کتنے ہفتے؟,تقریباً چار ہفتے
عمومی طور پر کچرا کہاں ڈالیں؟,مخصوص ڈسٹ بن میں
حقیقت میں احترام کیوں ضروری؟,رشتے بہتر بنتے ہیں
زیادہ تر صحت مند رہنے کا طریقہ کیا ہے؟,ورزش، صحت مند غذا اور نیند
زیادہ تر کھانا ضائع کیوں نہ کریں؟,وسائل کی بچت ہوتی ہے
حقیقت میں کمپیوٹر کی میموری کیا کرتی ہے؟,ڈیٹا عارضی طور پر محفوظ رکھتی ہے
حقیقت میں معافی قبول کرنا کیسا؟,رشتے بحال ہوتے ہیں
ہفتے کے کتنے دن؟,سات دن
عام طور پر وٹامن ڈی کہاں سے ملتا ہے؟,سورج کی روشنی اور کچھ غذاؤں سے
عملاً سوال پوچھنا کیوں اچھا؟,سمجھ بہتر ہوتی ہے
زیادہ تر الیکٹرک گاڑی کا فائدہ؟,کم آلودگی اور ایندھن کی بچت
حقیقت میں قلم کیسے پکڑیں؟,آرام دہ اور صحیح گرفت سے
تعلیم کیوں لازمی ہے؟,علم بڑھتا ہے اور مواقع ملتے ہیں
اکثر ترازو کیا کرتا ہے؟,وزن ناپتا ہے
اکثر تعلیم کیوں ضروری ہے؟,علم بڑھتا ہے اور مواقع ملتے ہیں
عام حالات میں بجلی کیسے بچائیں؟,غیر ضروری آلات بند کر کے
ڈیجیٹل کیمرہ کیا کرتا ہے؟,تصاویر اور ویڈیوز بناتا ہے
حقیقت میں سخاوت کا فائدہ؟,خوشی اور برکت ملتی ہے
حقیقت میں وائی فائی کیا ہے؟,بغیر تار کے انٹرنیٹ کنکشن
اکثر فیکٹریوں کا دھواں نقصان دہ کیوں؟,ہوا آلودہ ہوتی ہے
عام طور پر باثروم صاف رکھنے کیوں؟,جراثیم اور بدبو سے بچاؤ
عام طور پر نقشہ کا استعمال؟,سمت اور مقام بتانے کے لیے
رنگ کیسے نظر آتے ہیں؟,روشنی کی عکاسی سے
نباتات کو سورج کی روشنی کیوں ضروری ہے؟,فوتوسنتھیس کے ذریعے خوراک بنانے کے لیے
عملاً سورج کس سمت سے نکلتا ہے؟,سورج مشرق سے نکلتا ہے
زیادہ تر ترازو کیا کرتا ہے؟,وزن ناپتا ہے
حقیقت میں ہوم ورک وقت پر کیوں؟,عادت اور سیکھنے کے لیے
عام حالات میں تاریخ پڑھنے کا فائدہ؟,ماضی سے سبق ملتا ہے
حقیقت میں آئینہ کیسے کام کرتا ہے؟,روشنی کی عکاسی سے تصویر دکھاتا ہے
عام حالات میں سرچ انجن کیا کرتا ہے؟,انٹرنیٹ پر معلومات تلاش کرتا ہے
حقیقت میں پاس ورڈ محفوظ رکھنے کا فائدہ؟,ذاتی معلومات کی حفاظت
بارش کا پانی پودوں کے لیے کیسا؟,عام طور پر اچھا ہوتا ہے
کچرا کہاں ڈالیں؟,مخصوص ڈسٹ بن میں
زیادہ تر بجلی سے کیسے بچیں؟,گیلے ہاتھوں سے سوئچ نہ چھویں
بارش میں نکلتے وقت کیا کریں؟,چھتری یا بارش سے بچاؤ
عام حالات میں ذہنی دباؤ کم کرنے کا طریقہ؟,گہری سانس اور سیر
حقیقت میں بجلی کا میٹر کیا بتاتا ہے؟,استعمال شدہ یونٹس
کمپیوٹر کی میموری کیا کرتی ہے؟,ڈیٹا عارضی طور پر محفوظ رکھتی ہے
عمومی طور پر مثبت باتیں کرنے کا فائدہ؟,ماحول خوشگوار ہوتا ہے
ہاتھ دھونا کیوں ضروری ہے؟,جراثیم ختم ہوتے ہیں
عمومی طور پر آئینہ کیسے کام کرتا ہے؟,روشنی کی عکاسی سے تصویر دکھاتا ہے
حقیقت میں جوتوں کی ریک کیوں؟,ترتیب اور جگہ کی بچت
عمومی طور پر مدد کرنے کا فائدہ؟,خوشی اور اچھے رشتے
اکثر ہفتے کا پہلا دن کون سا؟,پیر یا اتوار علاقے کے مطابق
لکھائی کی مشق کیوں؟,لکھنے کی صلاحیت بہتر ہوتی ہے
عام طور پر کی بورڈ کیا کرتا ہے؟,لکھنے اور کمانڈ دینے کا آلہ
ری سائیکلنگ کیا کہلاتا ہے؟,پرانی چیزوں کا دوبارہ استعمال
عام طور پر پریزنٹیشن کیسے بنائیں؟,نقاط مرتب کر کے اور مشق کر کے
عام حالات میں پودے گھر میں کیوں؟,ہوا صاف رہتی ہے
زیادہ تر برف پانی کی کون سی حالت ہے؟,برف پانی کی ٹھوس حالت ہے
پودے خشک کیوں نہ ہونے دیں؟,وہ آکسیجن دیتے ہیں
عام حالات میں مثبت کردار کیسے؟,اچھے اخلاق اور ذمہ داری سے
عمومی طور پر قلم کیسے پکڑیں؟,آرام دہ اور صحیح گرفت سے
حقیقت میں پانی کا کیمیائی فارمولا کیا ہے؟,پانی کا کیمیائی فارمولا H2O ہے
صحت مند رہنے کا طریقہ کیا کہلاتا ہے؟,ورزش، صحت مند غذا اور نیند
عام حالات میں رنگ کیسے نظر آتے ہیں؟,روشنی کی عکاسی سے
عام طور پر دن رات کیسے بنتے ہیں؟,زمین کے گھومنے سے
عام حالات میں سمارٹ فون کیا کرتا ہے؟,بات چیت، انٹرنیٹ اور ایپس چلانے کا آلہ
زیادہ تر نباتات کو سورج کی روشنی کیوں ضروری ہے؟,فوتوسنتھیس کے ذریعے خوراک بنانے کے لیے
بلڈ پریشر کیا ہے؟,خون کی نالیوں میں دباؤ
صبر کیوں ضروری؟,بہتر فیصلے ہوتے ہیں
عمومی طور پر وعدہ پورا کرنا کیوں؟,اعتماد برقرار رہتا ہے
عملاً آلودگی کیسے کم کریں؟,عوامی ٹرانسپورٹ اور درخت لگا کر
بیج کیسے اگائیں؟,مٹی، پانی اور روشنی سے
حقیقت میں کیلشیم کیوں ضروری ہے؟,ہڈیاں اور دانت مضبوط بناتا ہے
عام حالات میں معافی مانگنا کب؟,غلطی پر
عام حالات میں وقت کی پابندی کیوں اہم؟,کام بروقت ہوتا ہے
زیادہ تر سمندر میں کچرا پھینکنے کا نقصان؟,سمندری حیات متاثر ہوتی ہے
بادل کیسے بنتے ہیں؟,بخارات کے ٹھنڈے ہونے سے
حقیقت میں بورڈ پر لکھنے کا فائدہ؟,دوسروں کو دکھانے میں آسان
عملاً جھوٹ بولنا کیسا؟,برداشت نہیں کرنا چاہیے
اکثر مقناطیس کیا کرتا ہے؟,لوہے کو کھینچتا ہے
عمومی طور پر ری سائیکلنگ کیا ہے؟,پرانی چیزوں کا دوبارہ استعمال
عام طور پر احترام کیوں ضروری؟,رشتے بہتر بنتے ہیں
عام حالات میں بھاپ پانی کی کون سی حالت ہے؟,بھاپ پانی کی گیسی حالت ہے
عملاً وزن کنٹرول کرنے کا طریقہ؟,صحت مند غذا اور ورزش
اکثر پانی کا کیمیائی فارمولا کیا ہے؟,پانی کا کیمیائی فارمولا H2O ہے
اکثر بلڈ پریشر کیا ہے؟,خون کی نالیوں میں دباؤ
عام حالات میں کیلنڈر کیا بتاتا ہے؟,تاریخ اور دن
اکثر ورزش کے فائدے کیا ہیں؟,طاقت بڑھتی ہے اور صحت بہتر ہوتی ہے
ماحول کی صفائی کیوں؟,صحت بہتر رہتی ہے
عام حالات میں کتاب پڑھنے کا فائدہ؟,علم اور تخیل بڑھتا ہے
اکثر تاریخ کی تاریخیں کیسے یاد کریں؟,ربط اور دہرائی سے
عام طور پر مقناطیس کیا کرتا ہے؟,لوہے کو کھینچتا ہے
حقیقت میں وقت کا انتظام کیسے؟,ترجیحات اور شیڈول سے
زیادہ تر درخت کٹنے کا نقصان؟,ماحول متاثر ہوتا ہے
سورج کی روشنی کی رفتار کیا ہے؟,تقریباً تین لاکھ کلومیٹر فی سیکنڈ
ترازو کیا کرتا ہے؟,وزن ناپتا ہے
اکثر بارش کیسے ہوتی ہے؟,بادل میں بخارات ٹھنڈے ہو کر قطروں کی شکل میں گرتے ہیں
ری سائیکلنگ کسے کہتے ہیں؟,پرانی چیزوں کا دوبارہ استعمال
حقیقت میں ڈیجیٹل کیمرہ کیا کرتا ہے؟,تصاویر اور ویڈیوز بناتا ہے
عام طور پر پڑھائی کی روشنی کیسی ہو؟,کافی اور یکساں روشنی
عمومی طور پر چاند پر زندگی ممکن ہے؟,نہیں، چاند پر زندگی ممکن نہیں
عملاً نوٹس بنانا کیوں مفید؟,یادداشت بہتر ہوتی ہے
پرنٹر کیا کرتا ہے؟,کاغذ پر پرنٹ کرتا ہے
عملاً کتاب پڑھنے کا فائدہ؟,علم اور تخیل بڑھتا ہے
نوٹس بنانا کیوں مفید؟,یادداشت بہتر ہوتی ہے
عام طور پر سبزیاں کیوں کھانی چاہییں؟,وٹامنز اور فائبر ملتے ہیں
زیادہ تر وقت کا انتظام کیسے؟,ترجیحات اور شیڈول سے
عام حالات میں آکسیجن کہاں سے ملتی ہے؟,زیادہ تر پودوں اور درختوں سے
عام حالات میں صحت مند رہنے کا طریقہ کیا ہے؟,ورزش، صحت مند غذا اور نیند
اکثر پانی کا فلٹر کیوں؟,صاف پانی کے لیے
زیادہ تر آئرن کی کمی سے کیا ہوتا ہے؟,خون کی کمی ہو سکتی ہے
اکثر کھانا ضائع کیوں نہ کریں؟,وسائل کی بچت ہوتی ہے
ماحول صاف رکھنا کیوں؟,سب کی ذمہ داری
عام طور پر سورج کس سمت سے نکلتا ہے؟,سورج مشرق سے نکلتا ہے
حقیقت میں سولر پینل کیا کرتا ہے؟,سورج کی روشنی سے بجلی بناتا ہے
اکثر درخت کٹنے کا نقصان؟,ماحول متاثر ہوتا ہے
پڑوسیوں سے رویہ کیسا؟,اچھا اور مددگار
عام طور پر آگ کے لیے کون سی چیز ضروری ہے؟,آکسیجن آگ کے لیے ضروری ہے
حقیقت میں سورج کی توانائی کا فائدہ؟,صاف اور لامحدود توانائی
زیادہ تر تمباکو نوشی کا نقصان؟,کئی بیماریوں کا سبب بنتی ہے
عام طور پر قطب نما کیا بتاتا ہے؟,سمتیں
حقیقت میں بارش کا پانی جمع کرنے کا فائدہ؟,پانی کی بچت
موسم گرما میں پودوں کا خیال؟,باقاعدہ پانی دیں
اکثر ماحول کی صفائی کیوں؟,صحت بہتر رہتی ہے
عام حالات میں بجلی سے کیسے بچیں؟,گیلے ہاتھوں سے سوئچ نہ چھویں
عمومی طور پر ایمانداری کا فائدہ؟,اعتماد اور عزت ملتی ہے
زیادہ تر کمپیوٹر کے اہم حصے کون سے ہیں؟,پروسیسر، میموری اور اسٹوریج
عمومی طور پر سورج نکلنے کا وقت کیا کہلاتا ہے؟,طلوع آفتاب
امتحان کی تیاری کس طرح؟,باقاعدہ مطالعہ اور مشق
عام حالات میں زمین سورج کے گرد کتنی دیر میں چکر لگاتی ہے؟,تقریباً 365 دن میں
عام طور پر جلد کی حفاظت کیسے؟,سورج سے بچاؤ اور نمی برقرار رکھنا
عمومی طور پر تحقیق کیا ہے؟,نئی معلومات حاصل کرنے کا عمل
عملاً لائبریری جانے کا فائدہ؟,کتابیں اور پرسکون ماحول
زیادہ تر سال میں کتنے مہینے؟,بارہ مہینے
عملاً آگ کے لیے کون سی چیز ضروری ہے؟,آکسیجن آگ کے لیے ضروری ہے
عام حالات میں بزرگوں کا احترام کیوں؟,تجربے کی قدر
حقیقت میں بیٹری کیا کام کرتی ہے؟,بجلی ذخیرہ کر کے فراہم کرتی ہے
گھر میں فرسٹ ایڈ باکس کیوں؟,ہنگامی مدد کے لیے
عمومی طور پر تعلیم کیوں ضروری ہے؟,علم بڑھتا ہے اور مواقع ملتے ہیں
زیادہ تر آن لائن تعلیم کا فائدہ؟,گھر بیٹھے سیکھنے کی سہولت
موسم سرما میں پودوں کا خیال؟,زیادہ پانی سے بچائیں
عام حالات میں سورج کی روشنی کی رفتار کیا ہے؟,تقریباً تین لاکھ کلومیٹر فی سیکنڈ
کمپیوٹر وائرس کیا ہے؟,ایسا پروگرام جو کمپیوٹر کو نقصان پہنچاتا ہے
عمومی طور پر سورج کی توانائی کا فائدہ؟,صاف اور لامحدود توانائی
موبائل کو چارج کرتے وقت خیال؟,زیادہ گرم نہ ہونے دیں
زیادہ تر مدد کرنے کا فائدہ؟,خوشی اور اچھے رشتے
اکثر ڈکشنری کا استعمال؟,الفاظ کے معنی جاننے کے لیے
عام طور پر غصے پر قابو کیسے؟,گہری سانس اور سکون سے
زیادہ تر مثبت کردار کیسے؟,اچھے اخلاق اور ذمہ داری سے
عام طور پر نیند کیوں ضروری ہے؟,جسم اور دماغ کو آرام ملتا ہے
حقیقت میں گھر کی صفائی کیوں؟,صحت اور خوشگوار ماحول
الرجی کیا ہے؟,جسم کا غیر معمولی ردعمل
بخار آنے پر کیا کریں؟,آرام اور ڈاکٹر سے مشورہ
عام طور پر علم حاصل کرنا کیوں؟,زندگی بہتر بنتی ہے
عملاً احترام کیوں ضروری؟,رشتے بہتر بنتے ہیں
زیادہ تر آگ کیسے بجھائیں؟,پانی یا ریت سے
کیلشیم کیوں ضروری ہے؟,ہڈیاں اور دانت مضبوط بناتا ہے
صحت مند رہنے کا طریقہ کسے کہتے ہیں؟,ورزش، صحت مند غذا اور نیند
عام حالات میں ایپ کیا ہے؟,موبائل یا کمپیوٹر پر چلنے والا پروگرام
عام حالات میں صداقت کی اہمیت؟,اعتماد پیدا ہوتا ہے
اکثر پودے گھر میں کیوں؟,ہوا صاف رہتی ہے
عام طور پر چاند پر زندگی ممکن ہے؟,نہیں، چاند پر زندگی ممکن نہیں
عام طور پر سائنس پڑھنے کا فائدہ؟,دنیا کو سمجھنے میں مدد ملتی ہے
اکثر گھر میں فرسٹ ایڈ باکس کیوں؟,ہنگامی مدد کے لیے
وقت کا انتظام کس طرح؟,ترجیحات اور شیڈول سے
عام طور پر گاڑی کم چلانے کا فائدہ؟,آلودگی کم ہوتی ہے
نباتات کو سورج کی روشنی کیوں لازمی ہے؟,فوتوسنتھیس کے ذریعے خوراک بنانے کے لیے
لائبریری جانے کا فائدہ؟,کتابیں اور پرسکون ماحول
اکثر ڈیجیٹل کیمرہ کیا کرتا ہے؟,تصاویر اور ویڈیوز بناتا ہے
حقیقت میں ایپ کیا ہے؟,موبائل یا کمپیوٹر پر چلنے والا پروگرام
ذمہ داری نبھانا کیوں؟,اعتماد بڑھتا ہے
تاریخ پڑھنے کا فائدہ؟,ماضی سے سبق ملتا ہے
عمومی طور پر رات کے وسط کو کیا کہتے ہیں؟,آدھی رات
عام حالات میں کچرا کہاں ڈالیں؟,مخصوص ڈسٹ بن میں
عام طور پر سمارٹ فون کیا کرتا ہے؟,بات چیت، انٹرنیٹ اور ایپس چلانے کا آلہ
سمارٹ فون کیا کرتا ہے؟,بات چیت، انٹرنیٹ اور ایپس چلانے کا آلہ
عام حالات میں دودھ کے کیا فائدے ہیں؟,ہڈیاں مضبوط بناتا ہے
عام طور پر نوٹس بنانا کیوں مفید؟,یادداشت بہتر ہوتی ہے
گھڑی کا کام؟,وقت بتانا
اکثر وقت پر کام کرنے کی عادت؟,کامیابی میں مدد دیتی ہے
حقیقت میں نیند کی کمی کا نقصان؟,تھکاوٹ اور کمزور توجہ
عملاً وقت کا انتظام کیسے؟,ترجیحات اور شیڈول سے
زیادہ تر آنکھوں کی حفاظت کیسے؟,زیادہ سکرین سے پرہیز اور روشنی کا خیال
علم بانٹنے کا فائدہ؟,خود بھی سیکھتے ہیں
اکثر موبائل کو چارج کرتے وقت خیال؟,زیادہ گرم نہ ہونے دیں
عام طور پر ہفتے کا پہلا دن کون سا؟,پیر یا اتوار علاقے کے مطابق
عملاً وائی فائی کیا ہے؟,بغیر تار کے انٹرنیٹ کنکشن
زیادہ تر بجلی کے سوئچ آف کیوں؟,بجلی کی بچت اور حفاظت
زیادہ تر پروٹین کن چیزوں میں ہے؟,انڈے، دودھ، گوشت اور دالوں میں
حقیقت میں گھر کا بجٹ کیسے بنائیں؟,آمدن اور اخراجات لکھیے
عام طور پر چارجنگ کیا ہے؟,بیٹری میں بجلی بھرنا
عام طور پر تعلیم کیوں ضروری ہے؟,علم بڑھتا ہے اور مواقع ملتے ہیں
عملاً بارش کیسے ہوتی ہے؟,بادل میں بخارات ٹھنڈے ہو کر قطروں کی شکل میں گرتے ہیں
حقیقت میں کچن صاف رکھنے کا فائدہ؟,جراثیم کم ہوتے ہیں
عمومی طور پر جوتے صاف رکھنے کیوں؟,اچھی عادت اور لمبی عمر
عام طور پر بالوں کی دیکھ بھال کیسے؟,باقاعدہ دھونا اور صحت مند غذا
عمومی طور پر احترام کیوں ضروری؟,رشتے بہتر بنتے ہیں
اکثر ماحول صاف رکھنا کیوں؟,سب کی ذمہ داری
زیادہ تر موبائل کا زیادہ استعمال کیسا؟,حد میں رکھنا بہتر ہے
اکثر سمارٹ فون کیا کرتا ہے؟,بات چیت، انٹرنیٹ اور ایپس چلانے کا آلہ
نیند کی کمی کا نقصان؟,تھکاوٹ اور کمزور توجہ
عمومی طور پر پلاسٹک بیگ کی جگہ کیا؟,کپڑے یا کاغذ کے تھیلے
عمومی طور پر گروپ پروجیکٹ کا فائدہ؟,ٹیم ورک اور سیکھنے کا موقع
عمومی طور پر کچرا سڑک پر پھینکنے کا نقصان؟,ماحول گندا ہوتا ہے
حقیقت میں مقناطیس کیا کرتا ہے؟,لوہے کو کھینچتا ہے
الیکٹرک گاڑی کا فائدہ؟,کم آلودگی اور ایندھن کی بچت
عمومی طور پر باقاعدہ چیک اپ کیوں؟,بیماری جلد پہچانی جا سکتی ہے
درخت لگانے کا فائدہ؟,آکسیجن اور صاف ماحول
تھرمامیٹر کیا ناپتا ہے؟,درجہ حرارت
عمومی طور پر کلاؤڈ سٹوریج کیا ہے؟,انٹرنیٹ پر ڈیٹا محفوظ رکھنے کا طریقہ
عملاً گروپ اسٹڈی کا فائدہ؟,ایک دوسرے سے سیکھنے میں مدد
اکثر بخار آنے پر کیا کریں؟,آرام اور ڈاکٹر سے مشورہ
عام طور پر کچرا الگ کیوں کریں؟,ری سائیکلنگ آسان ہوتی ہے
عمومی طور پر کچرا الگ کیوں کریں؟,ری سائیکلنگ آسان ہوتی ہے
اکثر اسکول کا بیگ ہلکا کیوں رکھیں؟,کمر کے درد سے بچاؤ
نظر کی کمزوری کی علامات؟,دھندلا نظر آنا
عام طور پر بارش کا پانی جمع کرنے کا فائدہ؟,پانی کی بچت
حقیقت میں درخت کٹنے کا نقصان؟,ماحول متاثر ہوتا ہے
اکثر بھاپ پانی کی کون سی حالت ہے؟,بھاپ پانی کی گیسی حالت ہے
ویب سائٹ کیا ہے؟,انٹرنیٹ پر معلومات کا صفحہ
چاند زمین کے گرد کتنی دیر میں چکر لگاتا ہے؟,تقریباً 27 دن میں
حقیقت میں ڈرون کیا ہے؟,بغیر پائلٹ کے اڑنے والا آلہ
عملاً زمین سورج کے گرد کتنی دیر میں چکر لگاتی ہے؟,تقریباً 365 دن میں
عام طور پر خریداری میں کیا خیال؟,معیار اور قیمت کا
عام طور پر ہارڈ ڈرائیو کیا ہے؟,ڈیٹا مستقل محفوظ رکھنے کا آلہ
زیادہ تر امتحان کی تیاری کیسے؟,باقاعدہ مطالعہ اور مشق
زیادہ تر مصنوعی ذہانت کیا ہے؟,کمپیوٹر کی انسانی سوچ کی نقل
حقیقت میں سورج کس سمت سے نکلتا ہے؟,سورج مشرق سے نکلتا ہے
حقیقت میں باثروم صاف رکھنے کیوں؟,جراثیم اور بدبو سے بچاؤ
اکثر جغرافیہ سیکھنے کا فائدہ؟,دنیا کے بارے میں علم
اکثر وزن کنٹرول کرنے کا طریقہ؟,صحت مند غذا اور ورزش
جوتے صاف رکھنے کیوں؟,اچھی عادت اور لمبی عمر
عام طور پر وقت کی قدر کیوں؟,وقت واپس نہیں آتا
تعلیم کیوں ضروری ہے؟,علم بڑھتا ہے اور مواقع ملتے ہیں
ورزش کے فائدے کیا ہیں؟,طاقت بڑھتی ہے اور صحت بہتر ہوتی ہے
اکثر بارش کا پانی جمع کرنے کا فائدہ؟,پانی کی بچت
عمومی طور پر صبر کا پھل کیا؟,کامیابی اور سکون
عمومی طور پر سخاوت کا فائدہ؟,خوشی اور برکت ملتی ہے
وقت کی قدر کیوں؟,وقت واپس نہیں آتا
مہینے کے کتنے ہفتے؟,تقریباً چار ہفتے
زیادہ تر کیلشیم کیوں ضروری ہے؟,ہڈیاں اور دانت مضبوط بناتا ہے
زیادہ تر علم حاصل کرنا کیوں؟,زندگی بہتر بنتی ہے
عملاً برف پانی کی کون سی حالت ہے؟,برف پانی کی ٹھوس حالت ہے
عام طور پر صبر کا پھل کیا؟,کامیابی اور سکون
اکثر تھرمامیٹر کیا ناپتا ہے؟,درجہ حرارت
حقیقت میں پڑھائی کی روشنی کیسی ہو؟,کافی اور یکساں روشنی
آواز کیسے سفر کرتی ہے؟,ہوا کی لہروں سے
حقیقت میں موسم سرما میں پودوں کا خیال؟,زیادہ پانی سے بچائیں
حقیقت میں جنگلات کی حفاظت کیوں؟,موسمیاتی توازن کے لیے
حقیقت میں موبائل کو چارج کرتے وقت خیال؟,زیادہ گرم نہ ہونے دیں
پڑھائی میں توجہ کیسے؟,پرسکون جگہ اور شیڈول سے
اکثر کچن ہڈ کیوں لگائیں؟,دھواں اور بو کم کرنے کے لیے
حقیقت میں ہفتے کے کتنے دن؟,سات دن
حقیقت میں گھر کے کام میں مدد کیوں؟,ذمہ داری اور تعاون بڑھتا ہے
زیادہ تر کیلنڈر کیا بتاتا ہے؟,تاریخ اور دن
زیادہ تر سائنس پڑھنے کا فائدہ؟,دنیا کو سمجھنے میں مدد ملتی ہے
زیادہ تر نیند کی کمی کا نقصان؟,تھکاوٹ اور کمزور توجہ
عام طور پر پھولوں کی دیکھ بھال کیسے؟,پانی اور مناسب روشنی
زیادہ تر درخت لگانے کا فائدہ؟,آکسیجن اور صاف ماحول
زیادہ تر لکھنے کی مشق کیوں؟,خیالات واضح ہوتے ہیں
حقیقت میں یادداشت کیسے بہتر کریں؟,دہرائی اور اچھی نیند سے
اکثر رات کے وسط کو کیا کہتے ہیں؟,آدھی رات
حقیقت میں اسپیکر کیا ہے؟,آواز باہر نکالتا ہے
عملاً بچت کرنا کیوں اہم؟,مستقبل کے لیے مددگار
عمومی طور پر بارش میں نکلتے وقت کیا کریں؟,چھتری یا بارش سے بچاؤ
عمومی طور پر ہوم ورک وقت پر کیوں؟,عادت اور سیکھنے کے لیے
عمومی طور پر تاریخ کی تاریخیں کیسے یاد کریں؟,ربط اور دہرائی سے
زیادہ تر انٹرنیٹ بینکنگ کیا ہے؟,انٹرنیٹ کے ذریعے بینک کے کام کرنا
عمومی طور پر ڈکشنری کا استعمال؟,الفاظ کے معنی جاننے کے لیے
عمومی طور پر بارش کیسے ہوتی ہے؟,بادل میں بخارات ٹھنڈے ہو کر قطروں کی شکل میں گرتے ہیں
زیادہ تر مقناطیس کیا کرتا ہے؟,لوہے کو کھینچتا ہے
عمومی طور پر تنقید قبول کرنا کیسا؟,بہتری میں مدد دیتی ہے
کلاؤڈ سٹوریج کیا ہے؟,انٹرنیٹ پر ڈیٹا محفوظ رکھنے کا طریقہ
اکثر ورزش کے بعد کیا کریں؟,کچھ دیر آرام اور پانی
اکثر پڑھائی میں توجہ کیسے؟,پرسکون جگہ اور شیڈول سے
عمومی طور پر وقت کا انتظام کیسے؟,ترجیحات اور شیڈول سے
بورڈ پر لکھنے کا فائدہ؟,دوسروں کو دکھانے میں آسان
عام حالات میں درخت لگانے کا فائدہ؟,آکسیجن اور صاف ماحول
عملاً چاند پر زندگی ممکن ہے؟,نہیں، چاند پر زندگی ممکن نہیں
عام طور پر گروپ پروجیکٹ کا فائدہ؟,ٹیم ورک اور سیکھنے کا موقع
حقیقت میں الرجی کیا ہے؟,جسم کا غیر معمولی ردعمل
حقیقت میں سرچ انجن کیا کرتا ہے؟,انٹرنیٹ پر معلومات تلاش کرتا ہے
گروپ اسٹڈی کا فائدہ؟,ایک دوسرے سے سیکھنے میں مدد
اکثر سبزی گھر میں کیوں اگائیں؟,تازہ اور صحت مند خوراک
حقیقت میں کچرا سڑک پر پھینکنے کا نقصان؟,ماحول گندا ہوتا ہے
زیادہ تر وائی فائی کیا ہے؟,بغیر تار کے انٹرنیٹ کنکشن
بجلی کے سوئچ آف کیوں؟,بجلی کی بچت اور حفاظت
عام طور پر نیند کی کمی کا نقصان؟,تھکاوٹ اور کمزور توجہ
اکثر ہفتے کے کتنے دن؟,سات دن
اکثر غریبوں کی مدد کیوں؟,انسانیت کا تقاضا
بھاپ پانی کی کون سی حالت ہے؟,بھاپ پانی کی گیسی حالت ہے
عام حالات میں گھر کی صفائی کیوں؟,صحت اور خوشگوار ماحول
عام طور پر صبح جلدی اٹھنے کا فائدہ؟,دن کا کام بہتر ہوتا ہے
عام حالات میں آگ کیسے بجھائیں؟,پانی یا ریت سے
زیادہ تر صبر کیوں ضروری؟,بہتر فیصلے ہوتے ہیں
عمومی طور پر دوستی کیسے نبھائیں؟,ایمانداری اور احترام سے
عمومی طور پر فیکٹریوں کا دھواں نقصان دہ کیوں؟,ہوا آلودہ ہوتی ہے
عملاً کلاؤڈ سٹوریج کیا ہے؟,انٹرنیٹ پر ڈیٹا محفوظ رکھنے کا طریقہ
پڑھائی میں توجہ کس طرح؟,پرسکون جگہ اور شیڈول سے
چاند پر زندگی ممکن ہے؟,نہیں، چاند پر زندگی ممکن نہیں
عمومی طور پر پودے گھر میں کیوں؟,ہوا صاف رہتی ہے
عمومی طور پر شمسی توانائی کیوں اچھی؟,صاف اور تجدید پذیر
عمومی طور پر آئرن کی کمی سے کیا ہوتا ہے؟,خون کی کمی ہو سکتی ہے
عمومی طور پر تمباکو نوشی کا نقصان؟,کئی بیماریوں کا سبب بنتی ہے
زیادہ تر آگ کے لیے کون سی چیز ضروری ہے؟,آکسیجن آگ کے لیے ضروری ہے
اکثر نوٹس بنانا کیوں مفید؟,یادداشت بہتر ہوتی ہے
حقیقت میں تعاون کرنے کا فائدہ؟,کام آسان ہو جاتا ہے
زیادہ تر رات کو جلدی سونا کیسا؟,صحت کے لیے اچھا ہے
عام طور پر جھوٹ بولنا کیسا؟,برداشت نہیں کرنا چاہیے
اکثر نباتات کو سورج کی روشنی کیوں ضروری ہے؟,فوتوسنتھیس کے ذریعے خوراک بنانے کے لیے
عملاً تھرمامیٹر کیا ناپتا ہے؟,درجہ حرارت
عام طور پر وقت پر کام کرنے کی عادت؟,کامیابی میں مدد دیتی ہے
حقیقت میں کتاب کیسے سنبھالیں؟,صفحات موڑنے سے گریز
عملاً بجلی سے کیسے بچیں؟,گیلے ہاتھوں سے سوئچ نہ چھویں
عمومی طور پر پانی کا کیمیائی فارمولا کیا ہے؟,پانی کا کیمیائی فارمولا H2O ہے
عمومی طور پر کھڑکیوں پر جالی کیوں؟,کیڑوں سے بچاؤ
عمومی طور پر غلطی سے سیکھنا کیسا؟,بہتری کا موقع ملتا ہے
حقیقت میں گھر میں فرسٹ ایڈ باکس کیوں؟,ہنگامی مدد کے لیے
صحت مند رہنے کا طریقہ کیا ہے؟,ورزش، صحت مند غذا اور نیند
عام طور پر بارش کا پانی پودوں کے لیے کیسا؟,عام طور پر اچھا ہوتا ہے
عام طور پر مدد کرنے کا فائدہ؟,خوشی اور اچھے رشتے
اکثر روبوٹ کیا ہے؟,خودکار مشین جو کام انجام دیتی ہے
جنگلات کی حفاظت کیوں؟,موسمیاتی توازن کے لیے
زیادہ تر پاس ورڈ مضبوط کیسے بنائیں؟,حروف، نمبر اور علامات ملا کر
عام طور پر توقع سے زیادہ نمک کھانا کیسا؟,صحت کے لیے نقصان دہ
اکثر مثبت باتیں کرنے کا فائدہ؟,ماحول خوشگوار ہوتا ہے
آکسیجن کہاں سے ملتی ہے؟,زیادہ تر پودوں اور درختوں سے
اکثر جلد کی حفاظت کیسے؟,سورج سے بچاؤ اور نمی برقرار رکھنا
اکثر ہاتھ دھونا کیوں ضروری ہے؟,جراثیم ختم ہوتے ہیں
زیادہ تر سولر پینل کیا کرتا ہے؟,سورج کی روشنی سے بجلی بناتا ہے
عام طور پر پڑھائی میں توجہ کیسے؟,پرسکون جگہ اور شیڈول سے
عام حالات میں اساتذہ کا احترام کیوں؟,وہ علم دیتے ہیں
عام طور پر بارش میں نکلتے وقت کیا کریں؟,چھتری یا بارش سے بچاؤ
عمومی طور پر جوتوں کی ریک کیوں؟,ترتیب اور جگہ کی بچت
عمومی طور پر دن کے وسط کو کیا کہتے ہیں؟,دوپہر
عام حالات میں آواز کیسے سفر کرتی ہے؟,ہوا کی لہروں سے
زیادہ تر گروپ اسٹڈی کا فائدہ؟,ایک دوسرے سے سیکھنے میں مدد
عمومی طور پر سائنس پراجیکٹ کیسے بنائیں؟,تحقیق اور تجربہ سے
زیادہ تر ایپ کیا ہے؟,موبائل یا کمپیوٹر پر چلنے والا پروگرام
عام طور پر ہاتھ دھونا کیوں ضروری ہے؟,جراثیم ختم ہوتے ہیں
عام طور پر گھر میں فرسٹ ایڈ باکس کیوں؟,ہنگامی مدد کے لیے
عملاً قدرتی وسائل کی حفاظت کیوں؟,آنے والی نسلوں کے لیے
حقیقت میں ورزش کے بعد کیا کریں؟,کچھ دیر آرام اور پانی
زیادہ تر سائبر سیکیورٹی کیا ہے؟,ڈیجیٹل معلومات کی حفاظت
عمومی طور پر سائبر سیکیورٹی کیا ہے؟,ڈیجیٹل معلومات کی حفاظت
زیادہ تر موبائل ڈیٹا کیا ہے؟,موبائل نیٹ ورک سے انٹرنیٹ
حقیقت میں اسکینر کیا ہے؟,کاغذی دستاویز کو ڈیجیٹل بناتا ہے
اکثر سال کے کتنے موسم؟,چار موسم عام ہیں
زیادہ تر مہینے کے کتنے ہفتے؟,تقریباً چار ہفتے
عمومی طور پر تھرمامیٹر کیا ناپتا ہے؟,درجہ حرارت
عام حالات میں شکریہ ادا کرنا کیوں؟,قدر کرنے کا اظہار
زیادہ تر قدرتی وسائل کی حفاظت کیوں؟,آنے والی نسلوں کے لیے
اکثر معافی قبول کرنا کیسا؟,رشتے بحال ہوتے ہیں
عملاً امتحان کی تیاری کیسے؟,باقاعدہ مطالعہ اور مشق
حقیقت میں گھر میں بجلی کا بل کیسے کم کریں؟,ایل ای ڈی بلب اور احتیاط سے
عام طور پر پانی کیسے بچائیں؟,نل بند رکھ کر اور درست استعمال سے
زیادہ تر تعلیم کیوں ضروری ہے؟,علم بڑھتا ہے اور مواقع ملتے ہیں
حقیقت میں وقت پر کام کرنے کی عادت؟,کامیابی میں مدد دیتی ہے
نقشہ کا استعمال؟,سمت اور مقام بتانے کے لیے
زیادہ تر روزانہ کتنا پانی پینا چاہیے؟,تقریباً آٹھ گلاس
اکثر کیلشیم کیوں ضروری ہے؟,ہڈیاں اور دانت مضبوط بناتا ہے
عام طور پر سورج کی روشنی کی رفتار کیا ہے؟,تقریباً تین لاکھ کلومیٹر فی سیکنڈ
حقیقت میں ہفتے کا پہلا دن کون سا؟,پیر یا اتوار علاقے کے مطابق
اکثر انٹرنیٹ کیا ہے؟,دنیا بھر کے کمپیوٹرز کا نیٹ ورک
حقیقت میں نقشہ خوانی کیوں سیکھیں؟,سمت اور مقام معلوم کرنے کے لیے
عام حالات میں روزانہ کتنا پانی پینا چاہیے؟,تقریباً آٹھ گلاس
اساتذہ کا احترام کیوں؟,وہ علم دیتے ہیں
عام طور پر نل کھلا چھوڑنے کا نقصان؟,پانی ضائع ہوتا ہے
عام حالات میں ای میل کیا ہے؟,الیکٹرانک پیغام بھیجنے کا طریقہ
اکثر داंत صاف رکھنے کا طریقہ؟,روزانہ برش کرنا چاہیے
عمومی طور پر شکریہ ادا کرنا کیوں؟,قدر کرنے کا اظہار
عام طور پر ای میل کیا ہے؟,الیکٹرانک پیغام بھیجنے کا طریقہ
عام حالات میں باقاعدہ چیک اپ کیوں؟,بیماری جلد پہچانی جا سکتی ہے
عمومی طور پر کتاب کیسے سنبھالیں؟,صفحات موڑنے سے گریز
عام طور پر کلاس میں توجہ کیسے؟,فعال شرکت اور نوٹس سے
معافی قبول کرنا کیسا؟,رشتے بحال ہوتے ہیں
عام طور پر صبر کیوں ضروری؟,بہتر فیصلے ہوتے ہیں
عام طور پر کتاب پڑھنے کا فائدہ؟,علم اور تخیل بڑھتا ہے
عام طور پر گیس کے چولہے کا خیال؟,لیکس سے بچاؤ اور حفاظت
اکثر آکسیجن کہاں سے ملتی ہے؟,زیادہ تر پودوں اور درختوں سے
اکثر ایپ کیا ہے؟,موبائل یا کمپیوٹر پر چلنے والا پروگرام
اکثر پروٹین کن چیزوں میں ہے؟,انڈے، دودھ، گوشت اور دالوں میں
اکثر انٹرنیٹ بینکنگ کیا ہے؟,انٹرنیٹ کے ذریعے بینک کے کام کرنا
عمومی طور پر اسکول کا بیگ ہلکا کیوں رکھیں؟,کمر کے درد سے بچاؤ
عمومی طور پر وقت کی پابندی کیوں اہم؟,کام بروقت ہوتا ہے
حقیقت میں کیڑے مار ادویات کا استعمال؟,احتیاط سے اور ضرورت پر
پانی کیسے بچائیں؟,نل بند رکھ کر اور درست استعمال سے
زیادہ تر سورج کس سمت سے نکلتا ہے؟,سورج مشرق سے نکلتا ہے
عمومی طور پر گروپ اسٹڈی کا فائدہ؟,ایک دوسرے سے سیکھنے میں مدد
زیادہ تر شکایت کرنے سے بہتر کیا؟,حل تلاش کرنا
پڑھائی کا بہترین وقت کون سا؟,صبح کا وقت عام طور پر بہتر ہوتا ہے
حقیقت میں پرنٹر کیا کرتا ہے؟,کاغذ پر پرنٹ کرتا ہے
ہفتے کا پہلا دن کون سا؟,پیر یا اتوار علاقے کے مطابق
عمومی طور پر پروٹین کن چیزوں میں ہے؟,انڈے، دودھ، گوشت اور دالوں میں
حقیقت میں بجلی سے کیسے بچیں؟,گیلے ہاتھوں سے سوئچ نہ چھویں
ہاتھ دھونا کیوں لازمی ہے؟,جراثیم ختم ہوتے ہیں
اکثر نل کھلا چھوڑنے کا نقصان؟,پانی ضائع ہوتا ہے
عام حالات میں گھر میں پودے کیوں لگائیں؟,ماحول صاف اور خوبصورت ہوتا ہے
عام طور پر ہیڈ فون کیا ہے؟,آواز سننے کا ذاتی آلہ
سوشل میڈیا کیا ہے؟,آن لائن معلومات شیئر کرنے کے پلیٹ فارم
حقیقت میں ہوا میں کون سی گیس زیادہ ہوتی ہے؟,نائٹروجن گیس سب سے زیادہ ہوتی ہے
عام طور پر مصنوعی ذہانت کیا ہے؟,کمپیوٹر کی انسانی سوچ کی نقل
عملاً پانی کا کیمیائی فارمولا کیا ہے؟,پانی کا کیمیائی فارمولا H2O ہے
حقیقت میں پودے گھر میں کیوں؟,ہوا صاف رہتی ہے
اکثر انسائیکلوپیڈیا کیا ہے؟,علم کی جامع کتاب
عمومی طور پر کیلنڈر کیا بتاتا ہے؟,تاریخ اور دن
حقیقت میں علم بانٹنے کا فائدہ؟,خود بھی سیکھتے ہیں
عام حالات میں پلاسٹک کا نقصان؟,ماحول آلودہ ہوتا ہے
زیادہ تر ہوا میں کون سی گیس زیادہ ہوتی ہے؟,نائٹروجن گیس سب سے زیادہ ہوتی ہے
عام حالات میں آنکھوں کی حفاظت کیسے؟,زیادہ سکرین سے پرہیز اور روشنی کا خیال
عام طور پر کتاب کیسے سنبھالیں؟,صفحات موڑنے سے گریز
زیادہ تر سمندر کی حفاظت کیوں؟,ماحولیاتی توازن کے لیے
عام حالات میں سال میں کتنے مہینے؟,بارہ مہینے
عام حالات میں ماحول کی صفائی کیوں؟,صحت بہتر رہتی ہے
حقیقت میں پڑوسیوں سے رویہ کیسا؟,اچھا اور مددگار
عام طور پر پڑوسیوں سے رویہ کیسا؟,اچھا اور مددگار
حقیقت میں برف پانی کی کون سی حالت ہے؟,برف پانی کی ٹھوس حالت ہے
عام طور پر رات کے وسط کو کیا کہتے ہیں؟,آدھی رات
زیادہ تر محنت کا نتیجہ؟,کامیابی اور اطمینان
اکثر کلاس میں توجہ کیسے؟,فعال شرکت اور نوٹس سے
زیادہ تر پڑھائی کا بہترین وقت کون سا؟,صبح کا وقت عام طور پر بہتر ہوتا ہے
عام حالات میں برف پانی کی کون سی حالت ہے؟,برف پانی کی ٹھوس حالت ہے
حقیقت میں ویب سائٹ کیا ہے؟,انٹرنیٹ پر معلومات کا صفحہ
عمومی طور پر انسائیکلوپیڈیا کیا ہے؟,علم کی جامع کتاب
عام طور پر کمپیوٹر کے اہم حصے کون سے ہیں؟,پروسیسر، میموری اور اسٹوریج
روبوٹ کیا ہے؟,خودکار مشین جو کام انجام دیتی ہے
عملاً چاند زمین کے گرد کتنی دیر میں چکر لگاتا ہے؟,تقریباً 27 دن میں
عمومی طور پر دوستی میں جھوٹ کیسا؟,رشتہ کمزور کرتا ہے
اکثر پھولوں کی دیکھ بھال کیسے؟,پانی اور مناسب روشنی
زیادہ تر سخاوت کا فائدہ؟,خوشی اور برکت ملتی ہے
زیادہ تر مہمان نوازی کیسے؟,احترام اور خوش اخلاقی سے
عمومی طور پر پاس ورڈ محفوظ رکھنے کا فائدہ؟,ذاتی معلومات کی حفاظت
زیادہ تر سمارٹ فون کیا کرتا ہے؟,بات چیت، انٹرنیٹ اور ایپس چلانے کا آلہ
اکثر بزرگوں کا احترام کیوں؟,تجربے کی قدر
عمومی طور پر مہمان نوازی کیسے؟,احترام اور خوش اخلاقی سے
بلوٹوتھ کیا ہے؟,بغیر تار کے آلات جوڑنے کی ٹیکنالوجی
عمومی طور پر کچن ہڈ کیوں لگائیں؟,دھواں اور بو کم کرنے کے لیے
عمومی طور پر غریبوں کی مدد کیوں؟,انسانیت کا تقاضا
پھل روزانہ کیوں کھائیں؟,وٹامنز اور فائبر ملتے ہیں
اکثر علم بانٹنے کا فائدہ؟,خود بھی سیکھتے ہیں
زخم پر کیا لگانا چاہیے؟,صاف پٹی اور اینٹی سیپٹک
جھوٹ بولنا کیسا؟,برداشت نہیں کرنا چاہیے
اکثر سورج کی توانائی کا فائدہ؟,صاف اور لامحدود توانائی
اکثر ایمانداری کا فائدہ؟,اعتماد اور عزت ملتی ہے
عام طور پر وائی فائی کیا ہے؟,بغیر تار کے انٹرنیٹ کنکشن
زیادہ تر بخیل ہونا کیسا؟,رشتوں کو نقصان پہنچاتا ہے
اکثر وٹامن ڈی کہاں سے ملتا ہے؟,سورج کی روشنی اور کچھ غذاؤں سے
عملاً صحت مند رہنے کا طریقہ کیا ہے؟,ورزش، صحت مند غذا اور نیند
عملاً رات کو جلدی سونا کیسا؟,صحت کے لیے اچھا ہے
حقیقت میں سوال پوچھنا کیوں اچھا؟,سمجھ بہتر ہوتی ہے
موبائل ڈیٹا کسے کہتے ہیں؟,موبائل نیٹ ورک سے انٹرنیٹ
اکثر جھوٹ بولنا کیسا؟,برداشت نہیں کرنا چاہیے
عام حالات میں وقت کا انتظام کیسے؟,ترجیحات اور شیڈول سے
عمومی طور پر ذیابیطس کیا ہے؟,خون میں شکر کی مقدار زیادہ ہونا
اکثر روشنی کس رفتار سے سفر کرتی ہے؟,روشنی بہت تیز رفتار سے سفر کرتی ہے
عملاً سال میں کتنے مہینے؟,بارہ مہینے
عام طور پر پاس ورڈ محفوظ رکھنے کا فائدہ؟,ذاتی معلومات کی حفاظت
عمومی طور پر بجلی کا میٹر کیا بتاتا ہے؟,استعمال شدہ یونٹس
اکثر ذہنی دباؤ کم کرنے کا طریقہ؟,گہری سانس اور سیر
عام حالات میں دن رات کیسے بنتے ہیں؟,زمین کے گھومنے سے
عمومی طور پر ڈرون کیا ہے؟,بغیر پائلٹ کے اڑنے والا آلہ
عام طور پر جنگلات کی حفاظت کیوں؟,موسمیاتی توازن کے لیے
زیادہ تر گھر کی صفائی کیوں؟,صحت اور خوشگوار ماحول
عام حالات میں تمباکو نوشی کا نقصان؟,کئی بیماریوں کا سبب بنتی ہے
اکثر گھڑی کا کام؟,وقت بتانا
حقیقت میں بجلی کے سوئچ آف کیوں؟,بجلی کی بچت اور حفاظت
عمومی طور پر بلوٹوتھ کیا ہے؟,بغیر تار کے آلات جوڑنے کی ٹیکنالوجی
اکثر گھر میں پودے کیوں لگائیں؟,ماحول صاف اور خوبصورت ہوتا ہے
اکثر روزانہ کتنا پانی پینا چاہیے؟,تقریباً آٹھ گلاس
عام حالات میں رات کو جلدی سونا کیسا؟,صحت کے لیے اچھا ہے
عام طور پر ایپ کیا ہے؟,موبائل یا کمپیوٹر پر چلنے والا پروگرام
اکثر وعدہ پورا کرنا کیوں؟,اعتماد برقرار رہتا ہے
عمومی طور پر آکسیجن کہاں سے ملتی ہے؟,زیادہ تر پودوں اور درختوں سے
عام حالات میں آلودگی کیسے کم کریں؟,عوامی ٹرانسپورٹ اور درخت لگا کر
حقیقت میں رنگ کیسے نظر آتے ہیں؟,روشنی کی عکاسی سے
اکثر پھل روزانہ کیوں کھائیں؟,وٹامنز اور فائبر ملتے ہیں
عملاً ورزش کے فائدے کیا ہیں؟,طاقت بڑھتی ہے اور صحت بہتر ہوتی ہے
حقیقت میں دودھ کے کیا فائدے ہیں؟,ہڈیاں مضبوط بناتا ہے
حقیقت میں بجلی کیسے بچائیں؟,غیر ضروری آلات بند کر کے
پانی کس طرح بچائیں؟,نل بند رکھ کر اور درست استعمال سے
عام طور پر قلم کیسے پکڑیں؟,آرام دہ اور صحیح گرفت سے
عام طور پر بیٹری کیا کام کرتی ہے؟,بجلی ذخیرہ کر کے فراہم کرتی ہے
حقیقت میں صحت مند وزن کیسے رکھیں؟,متوازن غذا اور ورزش سے
زیادہ تر کچرا سڑک پر پھینکنے کا نقصان؟,ماحول گندا ہوتا ہے
داंत صاف رکھنے کا طریقہ؟,روزانہ برش کرنا چاہیے
زیادہ تر انسائیکلوپیڈیا کیا ہے؟,علم کی جامع کتاب
بیٹری کیا کام کرتی ہے؟,بجلی ذخیرہ کر کے فراہم کرتی ہے
عمومی طور پر زخم پر کیا لگانا چاہیے؟,صاف پٹی اور اینٹی سیپٹک
عام حالات میں مقناطیس کیا کرتا ہے؟,لوہے کو کھینچتا ہے
عام طور پر سوال پوچھنا کیوں اچھا؟,سمجھ بہتر ہوتی ہے
عملاً سوشل میڈیا کیا ہے؟,آن لائن معلومات شیئر کرنے کے پلیٹ فارم
بجلی کس طرح بچائیں؟,غیر ضروری آلات بند کر کے
حقیقت میں حسد کا نقصان؟,ذہنی سکون ختم ہوتا ہے
عمومی طور پر صحت مند دل کے لیے کیا کریں؟,ورزش اور کم تیل والی غذا
عام طور پر آکسیجن کہاں سے ملتی ہے؟,زیادہ تر پودوں اور درختوں سے
حقیقت میں مائیکروفون کیا کرتا ہے؟,آواز ریکارڈ کرتا ہے
سبزیاں کیوں کھانی چاہییں؟,وٹامنز اور فائبر ملتے ہیں
حقیقت میں ذہنی دباؤ کم کرنے کا طریقہ؟,گہری سانس اور سیر
عمومی طور پر کمپیوٹر کے اہم حصے کون سے ہیں؟,پروسیسر، میموری اور اسٹوریج
زیادہ تر کتاب پڑھنے کا فائدہ؟,علم اور تخیل بڑھتا ہے
عام حالات میں فاسٹ فوڈ زیادہ کھانا کیسا ہے؟,صحت کے لیے نقصان دہ ہو سکتا ہے
عمومی طور پر حسد کا نقصان؟,ذہنی سکون ختم ہوتا ہے
اکثر خوش اخلاقی کا فائدہ؟,رشتے بہتر ہوتے ہیں
عمومی طور پر ورزش کے بعد کیا کریں؟,کچھ دیر آرام اور پانی
عام طور پر کپڑوں کی الماری ترتیب کیوں؟,آسانی اور صفائی
عام حالات میں وٹامن سی کہاں ملتا ہے؟,پھلوں خاص طور پر مالٹے میں
عملاً نباتات کو سورج کی روشنی کیوں ضروری ہے؟,فوتوسنتھیس کے ذریعے خوراک بنانے کے لیے
عام طور پر پلاسٹک بیگ کی جگہ کیا؟,کپڑے یا کاغذ کے تھیلے
اکثر پلاسٹک بیگ کی جگہ کیا؟,کپڑے یا کاغذ کے تھیلے
عام طور پر ورزش کے بعد کیا کریں؟,کچھ دیر آرام اور پانی
پلاسٹک جلانے کا نقصان؟,زہریلی گیسیں نکلتی ہیں
عملاً صبح جلدی اٹھنے کا فائدہ؟,دن کا کام بہتر ہوتا ہے
حقیقت میں گاڑی کا ہارن زیادہ بجانا کیسا؟,شور کی آلودگی
کیڑے مار ادویات کا استعمال؟,احتیاط سے اور ضرورت پر
غریبوں کی مدد کیوں؟,انسانیت کا تقاضا
حقیقت میں سال میں کتنے مہینے؟,بارہ مہینے
عمومی طور پر سرچ انجن کیا کرتا ہے؟,انٹرنیٹ پر معلومات تلاش کرتا ہے
عام طور پر انسائیکلوپیڈیا کیا ہے؟,علم کی جامع کتاب
عام طور پر شمسی توانائی کیوں اچھی؟,صاف اور تجدید پذیر
عام طور پر علم بانٹنے کا فائدہ؟,خود بھی سیکھتے ہیں
عام طور پر صداقت کی اہمیت؟,اعتماد پیدا ہوتا ہے
اکثر موبائل ڈیٹا کیا ہے؟,موبائل نیٹ ورک سے انٹرنیٹ
اکثر دروازے کے تالے کیوں؟,حفاظت کے لیے
عمومی طور پر سمارٹ فون کیا کرتا ہے؟,بات چیت، انٹرنیٹ اور ایپس چلانے کا آلہ
پودے گھر میں کیوں؟,ہوا صاف رہتی ہے
تعاون کرنے کا فائدہ؟,کام آسان ہو جاتا ہے
عام حالات میں کھانا ضائع کیوں نہ کریں؟,وسائل کی بچت ہوتی ہے
اکثر ای میل کیا ہے؟,الیکٹرانک پیغام بھیجنے کا طریقہ
عام حالات میں پڑھائی میں توجہ کیسے؟,پرسکون جگہ اور شیڈول سے
اکثر نظر کی کمزوری کی علامات؟,دھندلا نظر آنا
حقیقت میں لکھائی کی مشق کیوں؟,لکھنے کی صلاحیت بہتر ہوتی ہے
اکثر سوشل میڈیا کیا ہے؟,آن لائن معلومات شیئر کرنے کے پلیٹ فارم
کان کی صفائی کیسے؟,احتیاط سے اور نرمی سے
اکثر چارجنگ کیا ہے؟,بیٹری میں بجلی بھرنا
خریداری میں کیا خیال؟,معیار اور قیمت کا
عام طور پر مثبت باتیں کرنے کا فائدہ؟,ماحول خوشگوار ہوتا ہے
عمومی طور پر بادل کیسے بنتے ہیں؟,بخارات کے ٹھنڈے ہونے سے
زیادہ تر معافی قبول کرنا کیسا؟,رشتے بحال ہوتے ہیں
عمومی طور پر نقشہ خوانی کیوں سیکھیں؟,سمت اور مقام معلوم کرنے کے لیے
عمومی طور پر زلزلہ کیوں آتا ہے؟,زمین کی تہوں کی حرکت سے
عمومی طور پر درخت کٹنے کا نقصان؟,ماحول متاثر ہوتا ہے
اکثر زلزلہ کیوں آتا ہے؟,زمین کی تہوں کی حرکت سے
عام طور پر سائبر سیکیورٹی کیا ہے؟,ڈیجیٹل معلومات کی حفاظت
کھانا ضائع کیوں نہ کریں؟,وسائل کی بچت ہوتی ہے
سرچ انجن کیا کرتا ہے؟,انٹرنیٹ پر معلومات تلاش کرتا ہے
حقیقت میں تاریخ پڑھنے کا فائدہ؟,ماضی سے سبق ملتا ہے
حقیقت میں سبزی گھر میں کیوں اگائیں؟,تازہ اور صحت مند خوراک
حقیقت میں نباتات کو سورج کی روشنی کیوں ضروری ہے؟,فوتوسنتھیس کے ذریعے خوراک بنانے کے لیے
عمومی طور پر پلاسٹک کا نقصان؟,ماحول آلودہ ہوتا ہے
عمومی طور پر گھر کا بجٹ کیسے بنائیں؟,آمدن اور اخراجات لکھیے
اکثر بورڈ پر لکھنے کا فائدہ؟,دوسروں کو دکھانے میں آسان
عام طور پر محنتی ہونا کیسا؟,کامیابی کی کنجی ہے
عمومی طور پر لکھائی کی مشق کیوں؟,لکھنے کی صلاحیت بہتر ہوتی ہے
عملاً کیلنڈر کیا بتاتا ہے؟,تاریخ اور دن
مصنوعی ذہانت کیا کہلاتا ہے؟,کمپیوٹر کی انسانی سوچ کی نقل
حقیقت میں پانی کا فلٹر کیوں؟,صاف پانی کے لیے
عمومی طور پر پڑھائی میں توجہ کیسے؟,پرسکون جگہ اور شیڈول سے
ڈکشنری کا استعمال؟,الفاظ کے معنی جاننے کے لیے
فاسٹ فوڈ زیادہ کھانا کیسا ہے؟,صحت کے لیے نقصان دہ ہو سکتا ہے
عمومی طور پر وزن کنٹرول کرنے کا طریقہ؟,صحت مند غذا اور ورزش
عام طور پر معافی قبول کرنا کیسا؟,رشتے بحال ہوتے ہیں
عمومی طور پر سورج کی روشنی کی رفتار کیا ہے؟,تقریباً تین لاکھ کلومیٹر فی سیکنڈ
بلوٹوتھ کیا کہلاتا ہے؟,بغیر تار کے آلات جوڑنے کی ٹیکنالوجی
حقیقت میں بالوں کی دیکھ بھال کیسے؟,باقاعدہ دھونا اور صحت مند غذا
درخت کٹنے کا نقصان؟,ماحول متاثر ہوتا ہے
اکثر شمسی توانائی کیوں اچھی؟,صاف اور تجدید پذیر
عمومی طور پر سولر پینل کیا کرتا ہے؟,سورج کی روشنی سے بجلی بناتا ہے
عمومی طور پر پلاسٹک جلانے کا نقصان؟,زہریلی گیسیں نکلتی ہیں
اکثر محنتی ہونا کیسا؟,کامیابی کی کنجی ہے
عملاً موسم کیسے بدلتے ہیں؟,زمین کے سورج کے گرد چکر سے
حقیقت میں پودے خشک کیوں نہ ہونے دیں؟,وہ آکسیجن دیتے ہیں
محنتی ہونا کیسا؟,کامیابی کی کنجی ہے
اکثر ڈرون کیا ہے؟,بغیر پائلٹ کے اڑنے والا آلہ
اکثر زمین سورج کے گرد کتنی دیر میں چکر لگاتی ہے؟,تقریباً 365 دن میں
عام حالات میں ندی نالے صاف رکھنے کیوں؟,پانی آلودہ نہیں ہوتا
حقیقت میں سائبر سیکیورٹی کیا ہے؟,ڈیجیٹل معلومات کی حفاظت
زیادہ تر ڈیجیٹل کیمرہ کیا کرتا ہے؟,تصاویر اور ویڈیوز بناتا ہے
اکثر کان کی صفائی کیسے؟,احتیاط سے اور نرمی سے
دروازے کے تالے کیوں؟,حفاظت کے لیے
وائی فائی کیا کہلاتا ہے؟,بغیر تار کے انٹرنیٹ کنکشن
اکثر ٹریفک قوانین کیوں مانیں؟,حادثات کم ہوتے ہیں
عملاً بجلی کیسے بچائیں؟,غیر ضروری آلات بند کر کے
حقیقت میں پلاسٹک بیگ کی جگہ کیا؟,کپڑے یا کاغذ کے تھیلے
عام طور پر آئینہ کیسے کام کرتا ہے؟,روشنی کی عکاسی سے تصویر دکھاتا ہے
حقیقت میں پھل روزانہ کیوں کھائیں؟,وٹامنز اور فائبر ملتے ہیں
زیادہ تر پانی کیسے بچائیں؟,نل بند رکھ کر اور درست استعمال سے
اکثر صداقت کی اہمیت؟,اعتماد پیدا ہوتا ہے
کچن ہڈ کیوں لگائیں؟,دھواں اور بو کم کرنے کے لیے
عام طور پر بچت کرنا کیوں اہم؟,مستقبل کے لیے مددگار
اکثر جوتے صاف رکھنے کیوں؟,اچھی عادت اور لمبی عمر
حقیقت میں پھولوں کی دیکھ بھال کیسے؟,پانی اور مناسب روشنی
اکثر یادداشت کیسے بہتر کریں؟,دہرائی اور اچھی نیند سے
حقیقت میں مصنوعی ذہانت کیا ہے؟,کمپیوٹر کی انسانی سوچ کی نقل
حقیقت میں بلڈ پریشر کیا ہے؟,خون کی نالیوں میں دباؤ
اکثر ہارڈ ڈرائیو کیا ہے؟,ڈیٹا مستقل محفوظ رکھنے کا آلہ
بالوں کی دیکھ بھال کیسے؟,باقاعدہ دھونا اور صحت مند غذا
زیادہ تر سورج ڈوبنے کا وقت کیا کہلاتا ہے؟,غروب آفتاب
ای میل کیا کہلاتا ہے؟,الیکٹرانک پیغام بھیجنے کا طریقہ
بخیل ہونا کیسا؟,رشتوں کو نقصان پہنچاتا ہے
اکثر آگ کیسے بجھائیں؟,پانی یا ریت سے
عام حالات میں لائبریری جانے کا فائدہ؟,کتابیں اور پرسکون ماحول
عام حالات میں صبح جلدی اٹھنے کا فائدہ؟,دن کا کام بہتر ہوتا ہے
عام حالات میں ٹریفک قوانین کیوں مانیں؟,حادثات کم ہوتے ہیں
حقیقت میں سائنس پراجیکٹ کیسے بنائیں؟,تحقیق اور تجربہ سے
عملاً ذہنی دباؤ کم کرنے کا طریقہ؟,گہری سانس اور سیر
اکثر محنت کا نتیجہ؟,کامیابی اور اطمینان
اکثر اساتذہ کا احترام کیوں؟,وہ علم دیتے ہیں
عمومی طور پر کان کی صفائی کیسے؟,احتیاط سے اور نرمی سے
اکثر کپڑے دھونے کا بہتر طریقہ؟,مناسب صابن اور پانی سے
اکثر پریزنٹیشن کیسے بنائیں؟,نقاط مرتب کر کے اور مشق کر کے
اسکینر کیا ہے؟,کاغذی دستاویز کو ڈیجیٹل بناتا ہے
اکثر ہوم ورک وقت پر کیوں؟,عادت اور سیکھنے کے لیے
عام طور پر بزرگوں کا احترام کیوں؟,تجربے کی قدر
عملاً رنگ کیسے نظر آتے ہیں؟,روشنی کی عکاسی سے
اکثر ذیابیطس کیا ہے؟,خون میں شکر کی مقدار زیادہ ہونا
صحت مند وزن کیسے رکھیں؟,متوازن غذا اور ورزش سے
حقیقت میں سائنس پڑھنے کا فائدہ؟,دنیا کو سمجھنے میں مدد ملتی ہے
اکثر صبح جلدی اٹھنے کا فائدہ؟,دن کا کام بہتر ہوتا ہے
حقیقت میں کیلنڈر کیا بتاتا ہے؟,تاریخ اور دن
زمین سورج کے گرد کتنی دیر میں چکر لگاتی ہے؟,تقریباً 365 دن میں
زیادہ تر وقت پر کام کرنے کی عادت؟,کامیابی میں مدد دیتی ہے
اکثر وٹامن سی کہاں ملتا ہے؟,پھلوں خاص طور پر مالٹے میں
عام طور پر ذیابیطس کیا ہے؟,خون میں شکر کی مقدار زیادہ ہونا
عام حالات میں قدرتی وسائل کی حفاظت کیوں؟,آنے والی نسلوں کے لیے
بارش کیسے ہوتی ہے؟,بادل میں بخارات ٹھنڈے ہو کر قطروں کی شکل میں گرتے ہیں
عمومی طور پر ذمہ داری نبھانا کیوں؟,اعتماد بڑھتا ہے
عام طور پر بلڈ پریشر کیا ہے؟,خون کی نالیوں میں دباؤ
عام طور پر باقاعدہ چیک اپ کیوں؟,بیماری جلد پہچانی جا سکتی ہے
اکثر موسم کیسے بدلتے ہیں؟,زمین کے سورج کے گرد چکر سے
عام طور پر موسم گرما میں پودوں کا خیال؟,باقاعدہ پانی دیں
اکثر رنگ کیسے نظر آتے ہیں؟,روشنی کی عکاسی سے
زیادہ تر نیند کیوں ضروری ہے؟,جسم اور دماغ کو آرام ملتا ہے
عام طور پر نظر کی کمزوری کی علامات؟,دھندلا نظر آنا
حقیقت میں دن کے وسط کو کیا کہتے ہیں؟,دوپہر
مصنوعی ذہانت کسے کہتے ہیں؟,کمپیوٹر کی انسانی سوچ کی نقل
اکثر سائنس پراجیکٹ کیسے بنائیں؟,تحقیق اور تجربہ سے
حقیقت میں تحقیق کیا ہے؟,نئی معلومات حاصل کرنے کا عمل
اکثر بارش میں نکلتے وقت کیا کریں؟,چھتری یا بارش سے بچاؤ
حقیقت میں فاسٹ فوڈ زیادہ کھانا کیسا ہے؟,صحت کے لیے نقصان دہ ہو سکتا ہے
عام طور پر پروٹین کن چیزوں میں ہے؟,انڈے، دودھ، گوشت اور دالوں میں
زیادہ تر ہاتھ دھونا کیوں ضروری ہے؟,جراثیم ختم ہوتے ہیں
حقیقت میں نقشہ کا استعمال؟,سمت اور مقام بتانے کے لیے
اکثر پڑھائی کا بہترین وقت کون سا؟,صبح کا وقت عام طور پر بہتر ہوتا ہے
عام طور پر پلاسٹک کا نقصان؟,ماحول آلودہ ہوتا ہے
عام طور پر ورزش کے فائدے کیا ہیں؟,طاقت بڑھتی ہے اور صحت بہتر ہوتی ہے
عملاً دن رات کیسے بنتے ہیں؟,زمین کے گھومنے سے
اکثر شکریہ ادا کرنا کیوں؟,قدر کرنے کا اظہار
اکثر لکھائی کی مشق کیوں؟,لکھنے کی صلاحیت بہتر ہوتی ہے
عمومی طور پر سائنس پڑھنے کا فائدہ؟,دنیا کو سمجھنے میں مدد ملتی ہے
عمومی طور پر بالوں کی دیکھ بھال کیسے؟,باقاعدہ دھونا اور صحت مند غذا
کپڑوں کی الماری ترتیب کیوں؟,آسانی اور صفائی
حقیقت میں آگ کیسے بجھائیں؟,پانی یا ریت سے
عام طور پر ماؤس کیا کام کرتا ہے؟,سکرین پر اشارہ کرنے کا آلہ
بلوٹوتھ کسے کہتے ہیں؟,بغیر تار کے آلات جوڑنے کی ٹیکنالوجی
کیلنڈر کیا بتاتا ہے؟,تاریخ اور دن
زیادہ تر دوستی کیسے نبھائیں؟,ایمانداری اور احترام سے
زیادہ تر گاڑی کا ہارن زیادہ بجانا کیسا؟,شور کی آلودگی
عملاً روزانہ کتنا پانی پینا چاہیے؟,تقریباً آٹھ گلاس
عملاً آن لائن تعلیم کا فائدہ؟,گھر بیٹھے سیکھنے کی سہولت
عام طور پر سورج نکلنے کا وقت کیا کہلاتا ہے؟,طلوع آفتاب
عام طور پر موسم کیسے بدلتے ہیں؟,زمین کے سورج کے گرد چکر سے
حقیقت میں تھرمامیٹر کیا ناپتا ہے؟,درجہ حرارت
عملاً پلاسٹک کا نقصان؟,ماحول آلودہ ہوتا ہے
اکثر بجلی کے سوئچ آف کیوں؟,بجلی کی بچت اور حفاظت
حقیقت میں ری سائیکلنگ کیا ہے؟,پرانی چیزوں کا دوبارہ استعمال
باقاعدہ چیک اپ کیوں؟,بیماری جلد پہچانی جا سکتی ہے
حقیقت میں فیکٹریوں کا دھواں نقصان دہ کیوں؟,ہوا آلودہ ہوتی ہے
حقیقت میں بلوٹوتھ کیا ہے؟,بغیر تار کے آلات جوڑنے کی ٹیکنالوجی
عمومی طور پر جغرافیہ سیکھنے کا فائدہ؟,دنیا کے بارے میں علم
زیادہ تر ہفتے کے کتنے دن؟,سات دن
حقیقت میں دوستی میں جھوٹ کیسا؟,رشتہ کمزور کرتا ہے
زیادہ تر ای میل کیا ہے؟,الیکٹرانک پیغام بھیجنے کا طریقہ
حقیقت میں ہیڈ فون کیا ہے؟,آواز سننے کا ذاتی آلہ
زیادہ تر معافی مانگنا کب؟,غلطی پر
عمومی طور پر کیلشیم کیوں ضروری ہے؟,ہڈیاں اور دانت مضبوط بناتا ہے
پلاسٹک بیگ کی جگہ کیا؟,کپڑے یا کاغذ کے تھیلے
ورزش کے بعد کیا کریں؟,کچھ دیر آرام اور پانی
گیس کا بل کیسے کم کریں؟,احتیاط سے استعمال کر کے
عملاً ایپ کیا ہے؟,موبائل یا کمپیوٹر پر چلنے والا پروگرام
وقت کی پابندی کیوں اہم؟,کام بروقت ہوتا ہے
زیادہ تر بزرگوں کا احترام کیوں؟,تجربے کی قدر
عام طور پر کھانا ضائع کیوں نہ کریں؟,وسائل کی بچت ہوتی ہے
عمومی طور پر بزرگوں کا احترام کیوں؟,تجربے کی قدر
زیادہ تر تاریخ پڑھنے کا فائدہ؟,ماضی سے سبق ملتا ہے
عمومی طور پر فاسٹ فوڈ زیادہ کھانا کیسا ہے؟,صحت کے لیے نقصان دہ ہو سکتا ہے
عام حالات میں نوٹس بنانا کیوں مفید؟,یادداشت بہتر ہوتی ہے
حقیقت میں ہوا کیسے چلتی ہے؟,درجہ حرارت کے فرق سے
اکثر پلاسٹک جلانے کا نقصان؟,زہریلی گیسیں نکلتی ہیں
زیادہ تر ری سائیکلنگ کیا ہے؟,پرانی چیزوں کا دوبارہ استعمال
اکثر بجلی سے کیسے بچیں؟,گیلے ہاتھوں سے سوئچ نہ چھویں
عملاً ہاتھ دھونا کیوں ضروری ہے؟,جراثیم ختم ہوتے ہیں
عملاً آواز کیسے سفر کرتی ہے؟,ہوا کی لہروں سے
اکثر حسد کا نقصان؟,ذہنی سکون ختم ہوتا ہے
عام طور پر تنقید قبول کرنا کیسا؟,بہتری میں مدد دیتی ہے
گاڑی کم چلانے کا فائدہ؟,آلودگی کم ہوتی ہے
عملاً وٹامن سی کہاں ملتا ہے؟,پھلوں خاص طور پر مالٹے میں
کلاؤڈ سٹوریج کسے کہتے ہیں؟,انٹرنیٹ پر ڈیٹا محفوظ رکھنے کا طریقہ
عام حالات میں گھڑی کا کام؟,وقت بتانا
زیادہ تر شمسی توانائی کیوں اچھی؟,صاف اور تجدید پذیر
عمومی طور پر پڑھائی کی روشنی کیسی ہو؟,کافی اور یکساں روشنی
حقیقت میں کچرا کہاں ڈالیں؟,مخصوص ڈسٹ بن میں
باثروم صاف رکھنے کیوں؟,جراثیم اور بدبو سے بچاؤ
انٹرنیٹ کسے کہتے ہیں؟,دنیا بھر کے کمپیوٹرز کا نیٹ ورک
عام حالات میں جنگلات کی حفاظت کیوں؟,موسمیاتی توازن کے لیے
عمومی طور پر بورڈ پر لکھنے کا فائدہ؟,دوسروں کو دکھانے میں آسان
عام طور پر صحت مند رہنے کا طریقہ کیا ہے؟,ورزش، صحت مند غذا اور نیند
اکثر اسکینر کیا ہے؟,کاغذی دستاویز کو ڈیجیٹل بناتا ہے
تحقیق کیا ہے؟,نئی معلومات حاصل کرنے کا عمل
چارجنگ کیا ہے؟,بیٹری میں بجلی بھرنا
عام طور پر کیمرہ لینس کیا کرتا ہے؟,روشنی کو فوکس کرتا ہے
عام طور پر سائنسی تجربہ کیا ہے؟,فرضیہ کی جانچ کا طریقہ
حقیقت میں وقت کی پابندی کیوں اہم؟,کام بروقت ہوتا ہے
اکثر بلوٹوتھ کیا ہے؟,بغیر تار کے آلات جوڑنے کی ٹیکنالوجی
عمومی طور پر اسپیکر کیا ہے؟,آواز باہر نکالتا ہے
اکثر آنکھوں کی حفاظت کیسے؟,زیادہ سکرین سے پرہیز اور روشنی کا خیال
زیادہ تر بارش کا پانی جمع کرنے کا فائدہ؟,پانی کی بچت
عمومی طور پر یادداشت کیسے بہتر کریں؟,دہرائی اور اچھی نیند سے
حقیقت میں سبزیاں کیوں کھانی چاہییں؟,وٹامنز اور فائبر ملتے ہیں
عمومی طور پر کیڑے مار ادویات کا استعمال؟,احتیاط سے اور ضرورت پر
گھر کی صفائی کیوں؟,صحت اور خوشگوار ماحول
زیادہ تر قطب نما کیا بتاتا ہے؟,سمتیں
اکثر کیمرہ لینس کیا کرتا ہے؟,روشنی کو فوکس کرتا ہے
حقیقت میں سمارٹ فون کیا کرتا ہے؟,بات چیت، انٹرنیٹ اور ایپس چلانے کا آلہ
عمومی طور پر محنت کا نتیجہ؟,کامیابی اور اطمینان
عام طور پر آگ کیسے بجھائیں؟,پانی یا ریت سے
عام طور پر گھر میں پودے کیوں لگائیں؟,ماحول صاف اور خوبصورت ہوتا ہے
عمومی طور پر تعاون کرنے کا فائدہ؟,کام آسان ہو جاتا ہے
زیادہ تر پانی کا ٹینک صاف کیوں رکھیں؟,صحت مند پانی کے لیے
عملاً گاڑی کم چلانے کا فائدہ؟,آلودگی کم ہوتی ہے
عام طور پر گاڑی کا ہارن زیادہ بجانا کیسا؟,شور کی آلودگی
گھر کا بجٹ کیسے بنائیں؟,آمدن اور اخراجات لکھیے
حقیقت میں وٹامن ڈی کہاں سے ملتا ہے؟,سورج کی روشنی اور کچھ غذاؤں سے
روشنی کس رفتار سے سفر کرتی ہے؟,روشنی بہت تیز رفتار سے سفر کرتی ہے
کچرا الگ کیوں کریں؟,ری سائیکلنگ آسان ہوتی ہے
عمومی طور پر کمپوسٹ کیا ہے؟,قدرتی کھاد بنانے کا طریقہ
عمومی طور پر مصنوعی ذہانت کیا ہے؟,کمپیوٹر کی انسانی سوچ کی نقل
حقیقت میں بخیل ہونا کیسا؟,رشتوں کو نقصان پہنچاتا ہے
سورج کی توانائی کا فائدہ؟,صاف اور لامحدود توانائی
زیادہ تر کپڑے دھونے کا بہتر طریقہ؟,مناسب صابن اور پانی سے
عام حالات میں سورج کی توانائی کا فائدہ؟,صاف اور لامحدود توانائی
مثبت کردار کیسے؟,اچھے اخلاق اور ذمہ داری سے
عمومی طور پر موبائل ڈیٹا کیا ہے؟,موبائل نیٹ ورک سے انٹرنیٹ
عمومی طور پر صبح جلدی اٹھنے کا فائدہ؟,دن کا کام بہتر ہوتا ہے
حقیقت میں گروپ اسٹڈی کا فائدہ؟,ایک دوسرے سے سیکھنے میں مدد
عملاً دودھ کے کیا فائدے ہیں؟,ہڈیاں مضبوط بناتا ہے
عمومی طور پر پانی کا ٹینک صاف کیوں رکھیں؟,صحت مند پانی کے لیے
اکثر کھڑکیوں پر جالی کیوں؟,کیڑوں سے بچاؤ
عمومی طور پر روشنی کس رفتار سے سفر کرتی ہے؟,روشنی بہت تیز رفتار سے سفر کرتی ہے
حقیقت میں داंत صاف رکھنے کا طریقہ؟,روزانہ برش کرنا چاہیے
حقیقت میں جغرافیہ سیکھنے کا فائدہ؟,دنیا کے بارے میں علم
حقیقت میں لکھنے کی مشق کیوں؟,خیالات واضح ہوتے ہیں
عام حالات میں صبر کیوں ضروری؟,بہتر فیصلے ہوتے ہیں
حقیقت میں وٹامن سی کہاں ملتا ہے؟,پھلوں خاص طور پر مالٹے میں
عام طور پر جوتے صاف رکھنے کیوں؟,اچھی عادت اور لمبی عمر
دوستی کیسے نبھائیں؟,ایمانداری اور احترام سے
اکثر تنقید قبول کرنا کیسا؟,بہتری میں مدد دیتی ہے
عملاً ندی نالے صاف رکھنے کیوں؟,پانی آلودہ نہیں ہوتا
اکثر باقاعدہ چیک اپ کیوں؟,بیماری جلد پہچانی جا سکتی ہے
زیادہ تر پودے گھر میں کیوں؟,ہوا صاف رہتی ہے
زلزلہ کیوں آتا ہے؟,زمین کی تہوں کی حرکت سے
عملاً دوستی کیسے نبھائیں؟,ایمانداری اور احترام سے
حقیقت میں محنت کا نتیجہ؟,کامیابی اور اطمینان
زیادہ تر کچن صاف رکھنے کا فائدہ؟,جراثیم کم ہوتے ہیں
عام طور پر پھل روزانہ کیوں کھائیں؟,وٹامنز اور فائبر ملتے ہیں
زیادہ تر تھرمامیٹر کیا ناپتا ہے؟,درجہ حرارت
عام طور پر خوش اخلاقی کا فائدہ؟,رشتے بہتر ہوتے ہیں
پانی کا فلٹر کیوں؟,صاف پانی کے لیے
حقیقت میں تعلیم کیوں ضروری ہے؟,علم بڑھتا ہے اور مواقع ملتے ہیں
عام طور پر اسپیکر کیا ہے؟,آواز باہر نکالتا ہے
اکثر بالوں کی دیکھ بھال کیسے؟,باقاعدہ دھونا اور صحت مند غذا
حقیقت میں روبوٹ کیا ہے؟,خودکار مشین جو کام انجام دیتی ہے
حقیقت میں قدرتی وسائل کی حفاظت کیوں؟,آنے والی نسلوں کے لیے
اکثر وقت کا انتظام کیسے؟,ترجیحات اور شیڈول سے
زیادہ تر کچرا الگ کیوں کریں؟,ری سائیکلنگ آسان ہوتی ہے
حقیقت میں بچت کرنا کیوں اہم؟,مستقبل کے لیے مددگار
عمومی طور پر کتاب پڑھنے کا فائدہ؟,علم اور تخیل بڑھتا ہے
عمومی طور پر کلاس میں توجہ کیسے؟,فعال شرکت اور نوٹس سے
عمومی طور پر قدرتی کیڑے کنٹرول؟,فائدہ مند کیڑے استعمال کر کے
نیند کیوں لازمی ہے؟,جسم اور دماغ کو آرام ملتا ہے
عام حالات میں موبائل ڈیٹا کیا ہے؟,موبائل نیٹ ورک سے انٹرنیٹ
زیادہ تر پانی کا کیمیائی فارمولا کیا ہے؟,پانی کا کیمیائی فارمولا H2O ہے
حقیقت میں موبائل ڈیٹا کیا ہے؟,موبائل نیٹ ورک سے انٹرنیٹ
زیادہ تر دودھ کے کیا فائدے ہیں؟,ہڈیاں مضبوط بناتا ہے
عمومی طور پر لکھنے کی مشق کیوں؟,خیالات واضح ہوتے ہیں
اکثر کپڑوں کی الماری ترتیب کیوں؟,آسانی اور صفائی
عام طور پر نقشہ خوانی کیوں سیکھیں؟,سمت اور مقام معلوم کرنے کے لیے
عام طور پر سورج کی توانائی کا فائدہ؟,صاف اور لامحدود توانائی
عمومی طور پر گھر میں بجلی کا بل کیسے کم کریں؟,ایل ای ڈی بلب اور احتیاط سے
حقیقت میں چاند پر زندگی ممکن ہے؟,نہیں، چاند پر زندگی ممکن نہیں
عام حالات میں مہمان نوازی کیسے؟,احترام اور خوش اخلاقی سے
عملاً انٹرنیٹ کیا ہے؟,دنیا بھر کے کمپیوٹرز کا نیٹ ورک
حقیقت میں ہاتھ دھونا کیوں ضروری ہے؟,جراثیم ختم ہوتے ہیں
گیس کے چولہے کا خیال؟,لیکس سے بچاؤ اور حفاظت
اکثر فاسٹ فوڈ زیادہ کھانا کیسا ہے؟,صحت کے لیے نقصان دہ ہو سکتا ہے
عمومی طور پر آلودگی کیسے کم کریں؟,عوامی ٹرانسپورٹ اور درخت لگا کر
سورج کس سمت سے نکلتا ہے؟,سورج مشرق سے نکلتا ہے
عام طور پر اساتذہ کا احترام کیوں؟,وہ علم دیتے ہیں
حقیقت میں شمسی توانائی کیوں اچھی؟,صاف اور تجدید پذیر
عمومی طور پر گاڑی کم چلانے کا فائدہ؟,آلودگی کم ہوتی ہے
عمومی طور پر سال کے کتنے موسم؟,چار موسم عام ہیں
حقیقت میں صبر کیوں ضروری؟,بہتر فیصلے ہوتے ہیں
عملاً علم حاصل کرنا کیوں؟,زندگی بہتر بنتی ہے
عام طور پر ہوا میں کون سی گیس زیادہ ہوتی ہے؟,نائٹروجن گیس سب سے زیادہ ہوتی ہے
اکثر گیس کے چولہے کا خیال؟,لیکس سے بچاؤ اور حفاظت
حقیقت میں روشنی کس رفتار سے سفر کرتی ہے؟,روشنی بہت تیز رفتار سے سفر کرتی ہے
عام حالات میں تعلیم کیوں ضروری ہے؟,علم بڑھتا ہے اور مواقع ملتے ہیں
زیادہ تر حسد کا نقصان؟,ذہنی سکون ختم ہوتا ہے
عمومی طور پر پھولوں کی دیکھ بھال کیسے؟,پانی اور مناسب روشنی
زیادہ تر چاند زمین کے گرد کتنی دیر میں چکر لگاتا ہے؟,تقریباً 27 دن میں
ایپ کیا کہلاتا ہے؟,موبائل یا کمپیوٹر پر چلنے والا پروگرام
عمومی طور پر لائبریری جانے کا فائدہ؟,کتابیں اور پرسکون ماحول
زیادہ تر چاند پر زندگی ممکن ہے؟,نہیں، چاند پر زندگی ممکن نہیں
عام طور پر دروازے کے تالے کیوں؟,حفاظت کے لیے
اسکول کا بیگ ہلکا کیوں رکھیں؟,کمر کے درد سے بچاؤ
عملاً وعدہ پورا کرنا کیوں؟,اعتماد برقرار رہتا ہے
عمومی طور پر ہیڈ فون کیا ہے؟,آواز سننے کا ذاتی آلہ
حقیقت میں کلاؤڈ سٹوریج کیا ہے؟,انٹرنیٹ پر ڈیٹا محفوظ رکھنے کا طریقہ
اکثر مدد کرنے کا فائدہ؟,خوشی اور اچھے رشتے
زیادہ تر لکھائی کی مشق کیوں؟,لکھنے کی صلاحیت بہتر ہوتی ہے
عام طور پر امتحان کی تیاری کیسے؟,باقاعدہ مطالعہ اور مشق
زیادہ تر نقشہ کا استعمال؟,سمت اور مقام بتانے کے لیے
عملاً پانی کیسے بچائیں؟,نل بند رکھ کر اور درست استعمال سے
عمومی طور پر گھڑی کا کام؟,وقت بتانا
زیادہ تر جھوٹ بولنا کیسا؟,برداشت نہیں کرنا چاہیے
حقیقت میں اساتذہ کا احترام کیوں؟,وہ علم دیتے ہیں
حقیقت میں آئرن کی کمی سے کیا ہوتا ہے؟,خون کی کمی ہو سکتی ہے
اکثر سخاوت کا فائدہ؟,خوشی اور برکت ملتی ہے
زیادہ تر ذیابیطس کیا ہے؟,خون میں شکر کی مقدار زیادہ ہونا
آگ کیسے بجھائیں؟,پانی یا ریت سے
عملاً ہوا میں کون سی گیس زیادہ ہوتی ہے؟,نائٹروجن گیس سب سے زیادہ ہوتی ہے
آنکھوں کی حفاظت کس طرح؟,زیادہ سکرین سے پرہیز اور روشنی کا خیال
زیادہ تر گروپ پروجیکٹ کا فائدہ؟,ٹیم ورک اور سیکھنے کا موقع
عام طور پر شکایت کرنے سے بہتر کیا؟,حل تلاش کرنا
دن رات کیسے بنتے ہیں؟,زمین کے گھومنے سے
ٹریفک قوانین کیوں مانیں؟,حادثات کم ہوتے ہیں
حقیقت میں گھڑی کا کام؟,وقت بتانا
عام طور پر ویب سائٹ کیا ہے؟,انٹرنیٹ پر معلومات کا صفحہ
زیادہ تر سرچ انجن کیا کرتا ہے؟,انٹرنیٹ پر معلومات تلاش کرتا ہے
عام طور پر بجلی کا میٹر کیا بتاتا ہے؟,استعمال شدہ یونٹس
عام حالات میں کلاؤڈ سٹوریج کیا ہے؟,انٹرنیٹ پر ڈیٹا محفوظ رکھنے کا طریقہ
ویب سائٹ کسے کہتے ہیں؟,انٹرنیٹ پر معلومات کا صفحہ
اکثر مائیکروفون کیا کرتا ہے؟,آواز ریکارڈ کرتا ہے
عام حالات میں ہفتے کے کتنے دن؟,سات دن
اکثر ہوا میں کون سی گیس زیادہ ہوتی ہے؟,نائٹروجن گیس سب سے زیادہ ہوتی ہے
عام حالات میں امتحان کی تیاری کیسے؟,باقاعدہ مطالعہ اور مشق
قدرتی کیڑے کنٹرول؟,فائدہ مند کیڑے استعمال کر کے
زیادہ تر نل کھلا چھوڑنے کا نقصان؟,پانی ضائع ہوتا ہے
عام طور پر موبائل کا زیادہ استعمال کیسا؟,حد میں رکھنا بہتر ہے
سائنس پڑھنے کا فائدہ؟,دنیا کو سمجھنے میں مدد ملتی ہے
اکثر سورج کی روشنی کی رفتار کیا ہے؟,تقریباً تین لاکھ کلومیٹر فی سیکنڈ
حقیقت میں پڑھائی میں توجہ کیسے؟,پرسکون جگہ اور شیڈول سے
عام طور پر موبائل ڈیٹا کیا ہے؟,موبائل نیٹ ورک سے انٹرنیٹ
عمومی طور پر پودے کو کھاد کیوں؟,نشوونما بہتر ہوتی ہے
عام طور پر گروپ اسٹڈی کا فائدہ؟,ایک دوسرے سے سیکھنے میں مدد
عمومی طور پر کپڑوں کی الماری ترتیب کیوں؟,آسانی اور صفائی
حقیقت میں دروازے کے تالے کیوں؟,حفاظت کے لیے
زیادہ تر موبائل کو چارج کرتے وقت خیال؟,زیادہ گرم نہ ہونے دیں
حقیقت میں انسائیکلوپیڈیا کیا ہے؟,علم کی جامع کتاب
بجلی سے کس طرح بچیں؟,گیلے ہاتھوں سے سوئچ نہ چھویں
عمومی طور پر کیمرہ لینس کیا کرتا ہے؟,روشنی کو فوکس کرتا ہے
عام حالات میں غریبوں کی مدد کیوں؟,انسانیت کا تقاضا
عام طور پر رات کو جلدی سونا کیسا؟,صحت کے لیے اچھا ہے
حقیقت میں وعدہ پورا کرنا کیوں؟,اعتماد برقرار رہتا ہے
زیادہ تر رنگ کیسے نظر آتے ہیں؟,روشنی کی عکاسی سے
زیادہ تر چارجنگ کیا ہے؟,بیٹری میں بجلی بھرنا
زیادہ تر کچرا کہاں ڈالیں؟,مخصوص ڈسٹ بن میں
عمومی طور پر کمپیوٹر کی میموری کیا کرتی ہے؟,ڈیٹا عارضی طور پر محفوظ رکھتی ہے
عمومی طور پر کچن صاف رکھنے کا فائدہ؟,جراثیم کم ہوتے ہیں
اکثر درخت لگانے کا فائدہ؟,آکسیجن اور صاف ماحول
آگ کس طرح بجھائیں؟,پانی یا ریت سے
حقیقت میں بخار آنے پر کیا کریں؟,آرام اور ڈاکٹر سے مشورہ
حقیقت میں تمباکو نوشی کا نقصان؟,کئی بیماریوں کا سبب بنتی ہے
حقیقت میں انٹرنیٹ کیا ہے؟,دنیا بھر کے کمپیوٹرز کا نیٹ ورک
عام طور پر ہوم ورک وقت پر کیوں؟,عادت اور سیکھنے کے لیے
عمومی طور پر مقناطیس کیا کرتا ہے؟,لوہے کو کھینچتا ہے
اکثر سائنسی تجربہ کیا ہے؟,فرضیہ کی جانچ کا طریقہ
حقیقت میں آواز کیسے سفر کرتی ہے؟,ہوا کی لہروں سے
اکثر سوال پوچھنا کیوں اچھا؟,سمجھ بہتر ہوتی ہے
ہوا میں کون سی گیس زیادہ ہوتی ہے؟,نائٹروجن گیس سب سے زیادہ ہوتی ہے
زیادہ تر ڈرون کیا ہے؟,بغیر پائلٹ کے اڑنے والا آلہ
عام طور پر تاریخ پڑھنے کا فائدہ؟,ماضی سے سبق ملتا ہے
عام طور پر پلاسٹک جلانے کا نقصان؟,زہریلی گیسیں نکلتی ہیں
