task,a,b,diff_ST,ci_lo,ci_hi,p,p_holm
N-SA,XLM-R,Llama-3.1-8B,-0.1549719748561993,-0.18040139971917646,-0.13011109069454924,0.0003999200159968006,0.016796640671865627
N-SA,XLM-R,Qwen2.5-7B,-0.11691612749071134,-0.14523615333351333,-0.08835843828573917,0.0003999200159968006,0.016796640671865627
N-SA,XLM-R,Mistral-7B,-0.044416078017698424,-0.07293682238920769,-0.015139410135705222,0.0023995200959808036,0.026394721055788842
N-SA,mBERT,Llama-3.1-8B,-0.21880849547506553,-0.24607384377154737,-0.19073709400628935,0.0003999200159968006,0.016796640671865627
N-SA,mBERT,Qwen2.5-7B,-0.18075264810957758,-0.21182257139493166,-0.14711793953713298,0.0003999200159968006,0.016796640671865627
N-SA,mBERT,Mistral-7B,-0.10825259863656467,-0.13957174087861332,-0.07610674184470557,0.0003999200159968006,0.016796640671865627
N-HS,XLM-R,Llama-3.1-8B,0.012341752729697508,-0.00436840526226429,0.029231728661790322,0.15796840631873627,0.643871225754849
N-HS,XLM-R,Qwen2.5-7B,-0.02668119675897651,-0.045879462561440265,-0.00712254290348677,0.010797840431913617,0.08638272345530894
N-HS,XLM-R,Mistral-7B,0.006811493877116548,-0.01376413804102862,0.02834742536750633,0.533493301339732,0.9422115576884623
N-HS,mBERT,Llama-3.1-8B,-0.02805223893956299,-0.04642378670302887,-0.009249829972698256,0.003999200159968006,0.035992801439712056
N-HS,mBERT,Qwen2.5-7B,-0.06707518842823701,-0.08842315125103152,-0.04675616283961911,0.0003999200159968006,0.016796640671865627
N-HS,mBERT,Mistral-7B,-0.03358249779214395,-0.055711106483740794,-0.011854588068432715,0.0023995200959808036,0.026394721055788842
N-FN,XLM-R,Llama-3.1-8B,-0.22790878353066923,-0.269471731711142,-0.18332980513079317,0.0003999200159968006,0.016796640671865627
N-FN,XLM-R,Qwen2.5-7B,-0.2156797690622364,-0.2624898845967868,-0.1693651938784505,0.0003999200159968006,0.016796640671865627
N-FN,XLM-R,Mistral-7B,-0.19036572612430191,-0.23423604041807042,-0.1450550307752622,0.0003999200159968006,0.016796640671865627
N-FN,mBERT,Llama-3.1-8B,-0.20943801767418252,-0.2523282029209857,-0.1663904858221751,0.0003999200159968006,0.016796640671865627
N-FN,mBERT,Qwen2.5-7B,-0.1972090032057497,-0.24445689958812314,-0.14826731526148312,0.0003999200159968006,0.016796640671865627
N-FN,mBERT,Mistral-7B,-0.1718949602678152,-0.2166094809523141,-0.12663143724735307,0.0003999200159968006,0.016796640671865627
N-QA,XLM-R,Llama-3.1-8B,0.03490553377891936,0.01661937526497781,0.05323924262002759,0.0003999200159968006,0.016796640671865627
N-QA,XLM-R,Qwen2.5-7B,-0.06249985262885838,-0.08562176101100857,-0.039095143198201454,0.0003999200159968006,0.016796640671865627
N-QA,XLM-R,Mistral-7B,0.04839207234377352,0.027859642274417427,0.06842477116095598,0.0003999200159968006,0.016796640671865627
N-QA,mBERT,Llama-3.1-8B,0.11661549831225826,0.09683943843096152,0.13649606541473888,0.0003999200159968006,0.016796640671865627
N-QA,mBERT,Qwen2.5-7B,0.01921011190448052,-0.005570419296018421,0.04452788530289833,0.1287742451509698,0.643871225754849
N-QA,mBERT,Mistral-7B,0.13010203687711241,0.10907926108560627,0.15315111671398352,0.0003999200159968006,0.016796640671865627
R-SA,XLM-R,Llama-3.1-8B,-0.07684242362489335,-0.10177317363404616,-0.05239181160167695,0.0003999200159968006,0.016796640671865627
R-SA,XLM-R,Qwen2.5-7B,-0.08109544365398769,-0.10556260850271969,-0.056615540321975154,0.0003999200159968006,0.016796640671865627
R-SA,XLM-R,Mistral-7B,-0.06371385678434549,-0.08830189979003554,-0.03969058085514327,0.0003999200159968006,0.016796640671865627
R-SA,mBERT,Llama-3.1-8B,-0.1243535980490924,-0.14879926926638568,-0.09862736110697534,0.0003999200159968006,0.016796640671865627
R-SA,mBERT,Qwen2.5-7B,-0.12860661807818674,-0.15540637392684672,-0.10291046358065635,0.0003999200159968006,0.016796640671865627
R-SA,mBERT,Mistral-7B,-0.11122503120854454,-0.13705981487561342,-0.085919930915396,0.0003999200159968006,0.016796640671865627
R-CA,XLM-R,Llama-3.1-8B,0.017898537083609,-0.002390637628378028,0.037961822651626065,0.08398320335932813,0.5878824235152968
R-CA,XLM-R,Qwen2.5-7B,-0.01779369431064648,-0.0391606935850165,0.0031849865073269577,0.09918016396720655,0.5950809838032394
R-CA,XLM-R,Mistral-7B,-0.008131790781636616,-0.02937832095416496,0.014108498863488363,0.47110577884423116,0.9422115576884623
R-CA,mBERT,Llama-3.1-8B,-0.012926152144972836,-0.03379119840633854,0.00762896737300351,0.21075784843031395,0.643871225754849
R-CA,mBERT,Qwen2.5-7B,-0.048618383539228316,-0.06983354067125391,-0.027685953774694932,0.0003999200159968006,0.016796640671865627
R-CA,mBERT,Mistral-7B,-0.03895648001021845,-0.06118259137743822,-0.01658515996759181,0.0007998400319936012,0.016796640671865627
R-P3,XLM-R,Llama-3.1-8B,-0.1944768288756395,-0.21248199600146445,-0.17663270235507378,0.0003999200159968006,0.016796640671865627
R-P3,XLM-R,Qwen2.5-7B,-0.25754534062189277,-0.27580424184021385,-0.23958780345644048,0.0003999200159968006,0.016796640671865627
R-P3,XLM-R,Mistral-7B,-0.22099988561714495,-0.2388131184556411,-0.20318388661825215,0.0003999200159968006,0.016796640671865627
R-P3,mBERT,Llama-3.1-8B,-0.27211983450873656,-0.2914240698668936,-0.25164238994743915,0.0003999200159968006,0.016796640671865627
R-P3,mBERT,Qwen2.5-7B,-0.33518834625498983,-0.3552521905434937,-0.3149150317991601,0.0003999200159968006,0.016796640671865627
R-P3,mBERT,Mistral-7B,-0.298642891250242,-0.31842298566041305,-0.2793381061683301,0.0003999200159968006,0.016796640671865627
