task,system,model,src,tgt,true,pred,count
N-SA,ft_src,XLM-R,SA-A,SA-B,Negative,Negative,2257
N-SA,ft_src,XLM-R,SA-A,SA-B,Negative,Positive,167
N-SA,ft_src,XLM-R,SA-A,SA-B,Negative,unparseable,0
N-SA,ft_src,XLM-R,SA-A,SA-B,Positive,Negative,1898
N-SA,ft_src,XLM-R,SA-A,SA-B,Positive,Positive,592
N-SA,ft_src,XLM-R,SA-A,SA-B,Positive,unparseable,0
N-SA,ft_tgt,XLM-R,SA-B,SA-B,Negative,Negative,1810
N-SA,ft_tgt,XLM-R,SA-B,SA-B,Negative,Positive,614
N-SA,ft_tgt,XLM-R,SA-B,SA-B,Negative,unparseable,0
N-SA,ft_tgt,XLM-R,SA-B,SA-B,Positive,Negative,422
N-SA,ft_tgt,XLM-R,SA-B,SA-B,Positive,Positive,2068
N-SA,ft_tgt,XLM-R,SA-B,SA-B,Positive,unparseable,0
N-SA,llm_src,Llama-3.1-8B,SA-A,SA-B,Negative,Negative,290
N-SA,llm_src,Llama-3.1-8B,SA-A,SA-B,Negative,Positive,154
N-SA,llm_src,Llama-3.1-8B,SA-A,SA-B,Negative,unparseable,0
N-SA,llm_src,Llama-3.1-8B,SA-A,SA-B,Positive,Negative,136
N-SA,llm_src,Llama-3.1-8B,SA-A,SA-B,Positive,Positive,320
N-SA,llm_src,Llama-3.1-8B,SA-A,SA-B,Positive,unparseable,0
N-HS,ft_src,XLM-R,HS-A,HS-C,Normal,Normal,360
N-HS,ft_src,XLM-R,HS-A,HS-C,Normal,Hate,0
N-HS,ft_src,XLM-R,HS-A,HS-C,Normal,unparseable,0
N-HS,ft_src,XLM-R,HS-A,HS-C,Hate,Normal,642
N-HS,ft_src,XLM-R,HS-A,HS-C,Hate,Hate,18
N-HS,ft_src,XLM-R,HS-A,HS-C,Hate,unparseable,0
N-HS,ft_tgt,XLM-R,HS-C,HS-C,Normal,Normal,359
N-HS,ft_tgt,XLM-R,HS-C,HS-C,Normal,Hate,1
N-HS,ft_tgt,XLM-R,HS-C,HS-C,Normal,unparseable,0
N-HS,ft_tgt,XLM-R,HS-C,HS-C,Hate,Normal,0
N-HS,ft_tgt,XLM-R,HS-C,HS-C,Hate,Hate,660
N-HS,ft_tgt,XLM-R,HS-C,HS-C,Hate,unparseable,0
N-HS,llm_src,Qwen2.5-7B,HS-A,HS-C,Normal,Normal,318
N-HS,llm_src,Qwen2.5-7B,HS-A,HS-C,Normal,Hate,0
N-HS,llm_src,Qwen2.5-7B,HS-A,HS-C,Normal,unparseable,0
N-HS,llm_src,Qwen2.5-7B,HS-A,HS-C,Hate,Normal,574
N-HS,llm_src,Qwen2.5-7B,HS-A,HS-C,Hate,Hate,8
N-HS,llm_src,Qwen2.5-7B,HS-A,HS-C,Hate,unparseable,0
N-FN,ft_src,XLM-R,FN-A,FN-B,Fake,Fake,87
N-FN,ft_src,XLM-R,FN-A,FN-B,Fake,Real,2280
N-FN,ft_src,XLM-R,FN-A,FN-B,Fake,unparseable,0
N-FN,ft_src,XLM-R,FN-A,FN-B,Real,Fake,31
N-FN,ft_src,XLM-R,FN-A,FN-B,Real,Real,2537
N-FN,ft_src,XLM-R,FN-A,FN-B,Real,unparseable,0
N-FN,ft_tgt,XLM-R,FN-B,FN-B,Fake,Fake,2168
N-FN,ft_tgt,XLM-R,FN-B,FN-B,Fake,Real,199
N-FN,ft_tgt,XLM-R,FN-B,FN-B,Fake,unparseable,0
N-FN,ft_tgt,XLM-R,FN-B,FN-B,Real,Fake,116
N-FN,ft_tgt,XLM-R,FN-B,FN-B,Real,Real,2452
N-FN,ft_tgt,XLM-R,FN-B,FN-B,Real,unparseable,0
N-FN,llm_src,Llama-3.1-8B,FN-A,FN-B,Fake,Fake,165
N-FN,llm_src,Llama-3.1-8B,FN-A,FN-B,Fake,Real,267
N-FN,llm_src,Llama-3.1-8B,FN-A,FN-B,Fake,unparseable,0
N-FN,llm_src,Llama-3.1-8B,FN-A,FN-B,Real,Fake,65
N-FN,llm_src,Llama-3.1-8B,FN-A,FN-B,Real,Real,403
N-FN,llm_src,Llama-3.1-8B,FN-A,FN-B,Real,unparseable,0
N-QA,ft_src,XLM-R,QA-D,QA-A,Invalid,Invalid,79
N-QA,ft_src,XLM-R,QA-D,QA-A,Invalid,Valid,296
N-QA,ft_src,XLM-R,QA-D,QA-A,Invalid,unparseable,0
N-QA,ft_src,XLM-R,QA-D,QA-A,Valid,Invalid,4
N-QA,ft_src,XLM-R,QA-D,QA-A,Valid,Valid,371
N-QA,ft_src,XLM-R,QA-D,QA-A,Valid,unparseable,0
N-QA,ft_tgt,XLM-R,QA-A,QA-A,Invalid,Invalid,358
N-QA,ft_tgt,XLM-R,QA-A,QA-A,Invalid,Valid,17
N-QA,ft_tgt,XLM-R,QA-A,QA-A,Invalid,unparseable,0
N-QA,ft_tgt,XLM-R,QA-A,QA-A,Valid,Invalid,9
N-QA,ft_tgt,XLM-R,QA-A,QA-A,Valid,Valid,366
N-QA,ft_tgt,XLM-R,QA-A,QA-A,Valid,unparseable,0
N-QA,llm_src,Qwen2.5-7B,QA-D,QA-A,Invalid,Invalid,303
N-QA,llm_src,Qwen2.5-7B,QA-D,QA-A,Invalid,Valid,72
N-QA,llm_src,Qwen2.5-7B,QA-D,QA-A,Invalid,unparseable,0
N-QA,llm_src,Qwen2.5-7B,QA-D,QA-A,Valid,Invalid,225
N-QA,llm_src,Qwen2.5-7B,QA-D,QA-A,Valid,Valid,150
N-QA,llm_src,Qwen2.5-7B,QA-D,QA-A,Valid,unparseable,0
R-SA,ft_src,XLM-R,SA-C,SA-A,Negative,Negative,1786
R-SA,ft_src,XLM-R,SA-C,SA-A,Negative,Positive,1217
R-SA,ft_src,XLM-R,SA-C,SA-A,Negative,unparseable,0
R-SA,ft_src,XLM-R,SA-C,SA-A,Positive,Negative,1145
R-SA,ft_src,XLM-R,SA-C,SA-A,Positive,Positive,2272
R-SA,ft_src,XLM-R,SA-C,SA-A,Positive,unparseable,0
R-SA,ft_tgt,XLM-R,SA-A,SA-A,Negative,Negative,2425
R-SA,ft_tgt,XLM-R,SA-A,SA-A,Negative,Positive,578
R-SA,ft_tgt,XLM-R,SA-A,SA-A,Negative,unparseable,0
R-SA,ft_tgt,XLM-R,SA-A,SA-A,Positive,Negative,593
R-SA,ft_tgt,XLM-R,SA-A,SA-A,Positive,Positive,2824
R-SA,ft_tgt,XLM-R,SA-A,SA-A,Positive,unparseable,0
R-SA,llm_src,Qwen2.5-7B,SA-C,SA-A,Negative,Negative,367
R-SA,llm_src,Qwen2.5-7B,SA-C,SA-A,Negative,Positive,53
R-SA,llm_src,Qwen2.5-7B,SA-C,SA-A,Negative,unparseable,0
R-SA,llm_src,Qwen2.5-7B,SA-C,SA-A,Positive,Negative,126
R-SA,llm_src,Qwen2.5-7B,SA-C,SA-A,Positive,Positive,352
R-SA,llm_src,Qwen2.5-7B,SA-C,SA-A,Positive,unparseable,2
R-CA,ft_src,XLM-R,CA-B,CA-A,Normal,Normal,992
R-CA,ft_src,XLM-R,CA-B,CA-A,Normal,Abusive,262
R-CA,ft_src,XLM-R,CA-B,CA-A,Normal,unparseable,0
R-CA,ft_src,XLM-R,CA-B,CA-A,Abusive,Normal,465
R-CA,ft_src,XLM-R,CA-B,CA-A,Abusive,Abusive,879
R-CA,ft_src,XLM-R,CA-B,CA-A,Abusive,unparseable,0
R-CA,ft_tgt,XLM-R,CA-A,CA-A,Normal,Normal,1248
R-CA,ft_tgt,XLM-R,CA-A,CA-A,Normal,Abusive,6
R-CA,ft_tgt,XLM-R,CA-A,CA-A,Normal,unparseable,0
R-CA,ft_tgt,XLM-R,CA-A,CA-A,Abusive,Normal,2
R-CA,ft_tgt,XLM-R,CA-A,CA-A,Abusive,Abusive,1342
R-CA,ft_tgt,XLM-R,CA-A,CA-A,Abusive,unparseable,0
R-CA,llm_src,Qwen2.5-7B,CA-B,CA-A,Normal,Normal,401
R-CA,llm_src,Qwen2.5-7B,CA-B,CA-A,Normal,Abusive,34
R-CA,llm_src,Qwen2.5-7B,CA-B,CA-A,Normal,unparseable,0
R-CA,llm_src,Qwen2.5-7B,CA-B,CA-A,Abusive,Normal,79
R-CA,llm_src,Qwen2.5-7B,CA-B,CA-A,Abusive,Abusive,386
R-CA,llm_src,Qwen2.5-7B,CA-B,CA-A,Abusive,unparseable,0
R-P3,ft_src,XLM-R,PR-B,TW-D,Negative,Negative,0
R-P3,ft_src,XLM-R,PR-B,TW-D,Negative,Neutral,0
R-P3,ft_src,XLM-R,PR-B,TW-D,Negative,Positive,330
R-P3,ft_src,XLM-R,PR-B,TW-D,Negative,unparseable,0
R-P3,ft_src,XLM-R,PR-B,TW-D,Neutral,Negative,0
R-P3,ft_src,XLM-R,PR-B,TW-D,Neutral,Neutral,0
R-P3,ft_src,XLM-R,PR-B,TW-D,Neutral,Positive,309
R-P3,ft_src,XLM-R,PR-B,TW-D,Neutral,unparseable,0
R-P3,ft_src,XLM-R,PR-B,TW-D,Positive,Negative,0
R-P3,ft_src,XLM-R,PR-B,TW-D,Positive,Neutral,0
R-P3,ft_src,XLM-R,PR-B,TW-D,Positive,Positive,321
R-P3,ft_src,XLM-R,PR-B,TW-D,Positive,unparseable,0
R-P3,ft_tgt,XLM-R,TW-D,TW-D,Negative,Negative,322
R-P3,ft_tgt,XLM-R,TW-D,TW-D,Negative,Neutral,8
R-P3,ft_tgt,XLM-R,TW-D,TW-D,Negative,Positive,0
R-P3,ft_tgt,XLM-R,TW-D,TW-D,Negative,unparseable,0
R-P3,ft_tgt,XLM-R,TW-D,TW-D,Neutral,Negative,2
R-P3,ft_tgt,XLM-R,TW-D,TW-D,Neutral,Neutral,289
R-P3,ft_tgt,XLM-R,TW-D,TW-D,Neutral,Positive,18
R-P3,ft_tgt,XLM-R,TW-D,TW-D,Neutral,unparseable,0
R-P3,ft_tgt,XLM-R,TW-D,TW-D,Positive,Negative,0
R-P3,ft_tgt,XLM-R,TW-D,TW-D,Positive,Neutral,0
R-P3,ft_tgt,XLM-R,TW-D,TW-D,Positive,Positive,321
R-P3,ft_tgt,XLM-R,TW-D,TW-D,Positive,unparseable,0
R-P3,llm_src,Qwen2.5-7B,PR-B,TW-D,Negative,Negative,287
R-P3,llm_src,Qwen2.5-7B,PR-B,TW-D,Negative,Neutral,16
R-P3,llm_src,Qwen2.5-7B,PR-B,TW-D,Negative,Positive,6
R-P3,llm_src,Qwen2.5-7B,PR-B,TW-D,Negative,unparseable,0
R-P3,llm_src,Qwen2.5-7B,PR-B,TW-D,Neutral,Negative,0
R-P3,llm_src,Qwen2.5-7B,PR-B,TW-D,Neutral,Neutral,258
R-P3,llm_src,Qwen2.5-7B,PR-B,TW-D,Neutral,Positive,33
R-P3,llm_src,Qwen2.5-7B,PR-B,TW-D,Neutral,unparseable,0
R-P3,llm_src,Qwen2.5-7B,PR-B,TW-D,Positive,Negative,0
R-P3,llm_src,Qwen2.5-7B,PR-B,TW-D,Positive,Neutral,78
R-P3,llm_src,Qwen2.5-7B,PR-B,TW-D,Positive,Positive,222
R-P3,llm_src,Qwen2.5-7B,PR-B,TW-D,Positive,unparseable,0
