task,model,parse_fail_rate
N-SA,Llama-3.1-8B,0.000279876854184159
N-SA,Mistral-7B,0.08018471872376154
N-SA,Qwen2.5-7B,0.0032185838231178284
N-HS,Llama-3.1-8B,0.0
N-HS,Mistral-7B,0.00020833333333333335
N-HS,Qwen2.5-7B,0.0
N-FN,Llama-3.1-8B,0.0
N-FN,Mistral-7B,0.0
N-FN,Qwen2.5-7B,0.0
N-QA,Llama-3.1-8B,0.0
N-QA,Mistral-7B,0.0
N-QA,Qwen2.5-7B,0.0
R-SA,Llama-3.1-8B,0.0007407407407407407
R-SA,Mistral-7B,0.0454320987654321
R-SA,Qwen2.5-7B,0.0012345679012345679
R-CA,Llama-3.1-8B,0.0
R-CA,Mistral-7B,0.0
R-CA,Qwen2.5-7B,0.0
R-P3,Llama-3.1-8B,0.0015356265356265355
R-P3,Mistral-7B,0.0
R-P3,Qwen2.5-7B,3.412503412503413e-05
