domain_id,script,origin,domain,raw_file,status,original_source,citation_key,url,notes_for_author,licence
SA-A,Nastaliq,organic,Twitter Social Media,urdu-sentiment-corpus-v1.tsv,VERIFIED,Urdu Sentiment Corpus v1.0 (Khan & Nizami 2020),khan2020usc,https://github.com/MuhammadYaseenKhan/Urdu-Sentiment-Corpus,Check repo licence,none stated (citation requested)
SA-B,Nastaliq,translated,Movie Reviews,train.csv/test.csv (pre-split),VERIFIED,IMDB reviews machine-translated into Urdu (Hugging Face upload by mirfan899); 91% of items match after normalising punctuation and letter variants,mirfan899imdb,https://huggingface.co/datasets/mirfan899/imdb_urdu_reviews,,ODbL 1.0
SA-C,Nastaliq,generated,Civic Social Topics,urdu_sentiment_multidomain.csv,DROPPED,Grok-generated by first author,,,Which public dataset were the seed examples from?,xAI terms (attribute Grok)
SA-D,Nastaliq,dropped,Governance Political,UrduPoliticalTweets,DROPPED,Duplicate of SA-A,,,,
SA-E,Nastaliq,generated,Socioeconomic Agricultural,urdu_sentiments.csv,RESOLVED,Grok-generated by first author,,,Seed dataset?,xAI terms (attribute Grok)
HS-A,Nastaliq,organic,Social Media Offensive,22K_Offensive_dataset_Final.xlsx,VERIFIED,"ISE-Hate corpus (Akram, Shahzad & Bashir 2023); same 21,361 tweets, 98.7% label agreement with Level-1",akram2023isehate,https://github.com/hammad7007/ISE_dataset,,none stated
HS-B,Nastaliq,organic,Social Media Hate Speech,Urdu_Hate_Speech.xlsx,VERIFIED,Urdu hate-speech tweets (Hugging Face upload by Adnan855570); our raw file is byte-identical,adnan2025urduhate,https://huggingface.co/datasets/Adnan855570/Urdu_Hate_Speech,,MIT
HS-C,Nastaliq,generated,Politics Sports Health Family,urdu_hate_speech_multi_domain.csv,RESOLVED,Grok-generated by first author,,,Seed dataset?,xAI terms (attribute Grok)
HS-D,Nastaliq,generated,Sports Labor Arts Education,urdu_hate_speech_multidomain.csv,RESOLVED,Grok-generated by first author,,,Seed dataset?,xAI terms (attribute Grok)
HS-E,Nastaliq,dropped,Inter Faith Sectarian Ethnic,ISE_Level_1_Dataset.xlsx,DROPPED,ISE-Hate Level 1 = same tweets as HS-A,akram2023isehate,https://github.com/hammad7007/ISE_dataset,,
FN-A,Nastaliq,organic,Multi Topic News,1.Corpus text files,VERIFIED,Bend the Truth (Amjad et al. 2020),amjad2020bend,https://github.com/MaazAmjad/Datasets-for-Urdu-news,,none stated
FN-B,Nastaliq,organic,Ax to Grind,Combined .csv,VERIFIED,Ax-to-Grind Urdu (Harris et al. 2023),harris2023axtogrind,https://github.com/HjH-Whu-CRC/Ax-to-Grind-Urdu,Fake items ~3x longer than real (length confound),none stated
FN-C,Nastaliq,organic,General Pakistani News,Fake News 12166.xlsx + Final True News-11012.xlsx,DROPPED,Unknown; label = which of two files -> possible source confound,,,Author does not recall the source; marked untraced in card,unknown
FN-D,Nastaliq,organic,Fact Checking Platform,Notri-Fact_Real_Unreal_Urdu_NEWS.xlsx,DROPPED,Notri-Fact (6711 Unreal / 6677 Real),,,Author does not recall the source; marked untraced in card,unknown
QA-A,Nastaliq,organic,Religious Hadith,qa_ahadis.csv,VERIFIED,mirfan899/Urdu GitHub collection (MIT); 100% content match,mirfan899urdu,https://github.com/mirfan899/Urdu,,MIT
QA-B,Nastaliq,organic,General Knowledge,qa_gk.csv,VERIFIED,mirfan899/Urdu GitHub collection (MIT); 100% content match,mirfan899urdu,https://github.com/mirfan899/Urdu,,MIT
QA-C,Nastaliq,generated,Long Form QnA,urdu_qna_long_multidomain.csv,RESOLVED,Grok-generated by first author (70 questions x 8 variants),,,Seed dataset?,xAI terms (attribute Grok)
QA-D,Nastaliq,generated,Short Form QnA,urdu_qna_multidomain.csv,RESOLVED,Grok-generated by first author,,,Seed dataset?,xAI terms (attribute Grok)
SA-A,Roman,organic,Mixed Public Discourse,HF parquet (train/validation/test),VERIFIED,HF ayeshasameer/roman-urdu-sentiment-analysis (MIT); identical test split,ayeshasameer2024romanurdu,https://huggingface.co/datasets/ayeshasameer/roman-urdu-sentiment-analysis,,MIT
SA-B,Roman,organic,Social Media Politics Drama,Dataset 11000 Reviews.tsv,VERIFIED,RUSAD (Mehmood Essam & Shafi 2019),mehmood2019rusad,https://archive.ics.uci.edu/dataset/854/roman+urdu+sentiment+analysis+dataset+(rusad),Genres: sports software food drama politics,CC BY 4.0
SA-C,Roman,organic,YouTube Entertainment,RomanUrdu_English_YouTube_Sentiment_27K.csv,UNTRACED,YouTube comments; uploader unknown,,,,unknown
SA-D,Roman,dropped,Utilities Apps Courses,RomanUrduSentiment.csv,DROPPED,Same corpus as SA-B,,,,
CA-A,Roman,uncertain,YouTube Comments,roman_urdu_cyber_abuse_dataset.csv,UNTRACED,Unknown; shows augmentation noise,,,Author does not recall the source; marked untraced in card,unknown
CA-B,Roman,generated,Content Creator Comments,roman_urdu_cyber_abuse.csv,RESOLVED,Grok-generated by first author,,,Seed dataset?,xAI terms (attribute Grok)
CA-C,Roman,generated,Social Media Diverse Vocab,roman_urdu_cyber_abuse_diverse.csv,RESOLVED,Grok-generated by first author,,,Seed dataset?,xAI terms (attribute Grok)
CA-D,Roman,generated,General Online Video,roman_urdu_cyber_abusing.csv,RESOLVED,Grok-generated by first author (seeds partly from CA-A: 20% near-matches),,,,xAI terms (attribute Grok)
PR-A,Roman,organic,Daraz Ecommerce,daraz-code-mixed-product-reviews.csv,VERIFIED,Daraz Code-Mixed Product Reviews (Kaggle),daraz2023kaggle,https://www.kaggle.com/datasets/yrrebeere/daraz-code-mixed-product-reviews,Many items are English-only,CC BY 4.0
PR-B,Roman,organic,Restaurant Food,kababjees_Review_2025.csv,UNTRACED,Kababjees restaurant reviews,,,Author does not recall the source; marked untraced in card,unknown
PR-D,Roman,organic,General Social Comments (folder: Electronics Gaming Delivery),Roman Urdu reviews Dataset with English translation.csv,VERIFIED,"RUWV-NSR, Soomro et al. 2024 Data in Brief; identical file name and byte size",soomro2024ruwv,https://data.mendeley.com/datasets/v5jfhsvtmd/4,,CC BY 4.0
TW-A,Roman,dropped,Twitter Political Social,New.csv,DROPPED,Pos/neg = RUSAD; neutral from another source (label-source confound),,,,
TW-B,Roman,generated,Consumer Electronics Gaming,roman_urdu_opinions_lifestyle.csv,RESOLVED,Grok-generated by first author,,,Seed dataset?,xAI terms (attribute Grok)
TW-C,Roman,generated,Public Civic Services,roman_urdu_opinions_public.csv,RESOLVED,Grok-generated by first author,,,Seed dataset?,xAI terms (attribute Grok)
TW-D,Roman,generated,Mixed Social Commentary,roman_urdu_social_opinions.csv,RESOLVED,Grok-generated by first author,,,Seed dataset?,xAI terms (attribute Grok)
