task,model,domain,SS=TT,ST_out,dS_source,ST_in,dT_target
N-SA,XLM-R,SA-A,0.6551956370391666,0.6810364054223264,-0.02584076838315974,0.5855189996205583,0.0696766374186083
N-SA,XLM-R,SA-B,0.7885704779427097,0.6212946815824955,0.16727579636021428,0.5349322778409453,0.2536382001017644
N-SA,XLM-R,SA-E,0.9967238187233357,0.6053976495848588,0.39132616913847695,0.7872774591281769,0.20944635959515878
N-SA,mBERT,SA-A,0.6504908616498247,0.6120428938688941,0.03844796778093065,0.5166930813125847,0.13379778033724002
N-SA,mBERT,SA-B,0.7630096388005327,0.6429198469313282,0.12008979186920454,0.4347868671935129,0.32822277160701985
N-SA,mBERT,SA-E,1.0,0.44721793641721513,0.5527820635827849,0.7507007287113399,0.2492992712886602
N-SA,Llama-3.1-8B,SA-A,0.6852253646269723,0.8346907881233028,-0.14946542349633052,0.6966124282860142,-0.011387063659042018
N-SA,Llama-3.1-8B,SA-B,0.6919729123419222,0.8462226118242335,-0.15424969948231138,0.6749233771396616,0.0170495352022606
N-SA,Llama-3.1-8B,SA-E,0.9977776790079559,0.6889556832536539,0.308821995754302,0.9983332777755143,-0.0005555987675584517
N-SA,Mistral-7B,SA-A,0.6178795988655809,0.7157870824220371,-0.09790748355645634,0.5923740462525482,0.025505552613032723
N-SA,Mistral-7B,SA-B,0.5970071537402183,0.7383024984188713,-0.14129534467865296,0.5701106252739234,0.02689652846629481
N-SA,Mistral-7B,SA-E,0.8585203630164692,0.5841118118447791,0.27440855117169005,0.875716721159216,-0.01719635814274678
N-SA,Qwen2.5-7B,SA-A,0.689341595007961,0.8171151517548321,-0.12777355674687102,0.6313770554315947,0.057964539576366214
N-SA,Qwen2.5-7B,SA-B,0.6964063868256677,0.768524018649225,-0.0721176318235574,0.671050051298295,0.02535633552737271
N-SA,Qwen2.5-7B,SA-E,0.9455280080036285,0.6700623707006691,0.27546563730295937,0.9532744343748365,-0.007746426371207982
N-HS,XLM-R,HS-A,0.8286446912453802,0.4410893097008659,0.38755538154451435,0.4624781236715699,0.36616656757381033
N-HS,XLM-R,HS-B,0.792372030885077,0.6337060047896227,0.1586660260954543,0.5137008727159621,0.2786711581691149
N-HS,XLM-R,HS-C,0.9989247209809076,0.5819850528456408,0.4169396681352667,0.6304286560186866,0.36849606496222104
N-HS,XLM-R,HS-D,0.9921324600897646,0.6037580558811647,0.3883744042085999,0.6539307708110756,0.33820168927868904
N-HS,mBERT,HS-A,0.8155642833575941,0.43956745219468246,0.3759968311629116,0.4413650761073018,0.37419920725029227
N-HS,mBERT,HS-B,0.7812301721913354,0.5099960586947868,0.2712341134965485,0.4949676898554589,0.2862624823358765
N-HS,mBERT,HS-C,1.0,0.5426161805381678,0.4573838194618321,0.5713871616821394,0.4286128383178605
N-HS,mBERT,HS-D,0.9931170108161259,0.5851530996696446,0.4079639111464813,0.5696128634523816,0.42350414736374437
N-HS,Llama-3.1-8B,HS-A,0.7037486629121957,0.406678175701471,0.29707048721072465,0.6028236393390102,0.10092502357318549
N-HS,Llama-3.1-8B,HS-B,0.5524476898710992,0.413908796617241,0.13853889325385818,0.6109537230392037,-0.05850603316810454
N-HS,Llama-3.1-8B,HS-C,0.8276022142934506,0.7099786015178179,0.1176236127756326,0.40844422012534337,0.4191579941681072
N-HS,Llama-3.1-8B,HS-D,0.8850028388851904,0.6380895982991691,0.2469132405860213,0.5464335896321417,0.3385692492530487
N-HS,Mistral-7B,HS-A,0.6369743029959763,0.49174179237539545,0.1452325106205809,0.5922787700216219,0.044695532974354434
N-HS,Mistral-7B,HS-B,0.6204574250597023,0.47637970618665476,0.14407771887304746,0.5973045798513378,0.023152845208364508
N-HS,Mistral-7B,HS-C,0.5104137958800826,0.6483021849577648,-0.1378883890776821,0.41782764313847703,0.0925861527416056
N-HS,Mistral-7B,HS-D,0.836238816781429,0.574352524026208,0.261886292755221,0.5833652145345862,0.2528736022468427
N-HS,Qwen2.5-7B,HS-A,0.6796652049461268,0.4423598983622174,0.23730530658390944,0.6452902901510796,0.03437491479504721
N-HS,Qwen2.5-7B,HS-B,0.6827951204153709,0.47642528054446814,0.20636983987090277,0.6533374472563671,0.029457673159003866
N-HS,Qwen2.5-7B,HS-C,0.7598782853917475,0.7301430354945303,0.02973524989721728,0.43614624494264137,0.32373204044910614
N-HS,Qwen2.5-7B,HS-D,0.8781186049959846,0.6758187556891797,0.20229984930680492,0.5899729877403074,0.2881456172556772
N-FN,XLM-R,FN-A,0.6287606623954397,0.3767873555366677,0.251973306858772,0.33555053231345505,0.29321013008198465
N-FN,XLM-R,FN-B,0.9359573829495001,0.33555053231345505,0.6004068506360452,0.3767873555366677,0.5591700274128324
N-FN,mBERT,FN-A,0.7980144919530249,0.46483266770221715,0.3331818242508077,0.3029549484430268,0.4950595435099981
N-FN,mBERT,FN-B,0.9209976308014913,0.3029549484430268,0.6180426823584646,0.46483266770221715,0.4561649630992742
N-FN,Llama-3.1-8B,FN-A,0.5579777869247527,0.6007785162502527,-0.04280072932549994,0.5612684168206622,-0.003290629895909447
N-FN,Llama-3.1-8B,FN-B,0.652656837216815,0.5612684168206622,0.0913884203961528,0.6007785162502527,0.05187832096656231
N-FN,Mistral-7B,FN-A,0.47449002402806023,0.6496749018824599,-0.17518487785439968,0.4372859163757203,0.037204107652339946
N-FN,Mistral-7B,FN-B,0.5431552020897551,0.4372859163757203,0.10586928571403481,0.6496749018824599,-0.10651969979270481
N-FN,Qwen2.5-7B,FN-A,0.5239565409261263,0.6763877649338963,-0.15243122400776998,0.461201139200153,0.06275540172597333
N-FN,Qwen2.5-7B,FN-B,0.6166019701121653,0.461201139200153,0.15540083091201234,0.6763877649338963,-0.059785794821730964
N-QA,XLM-R,QA-A,0.965327656699133,0.6061072650499897,0.3592203916491434,0.5881913802537875,0.3771362764453455
N-QA,XLM-R,QA-B,0.8909116270563734,0.6816273562943983,0.209284270761975,0.7220952888575042,0.16881633819886924
N-QA,XLM-R,QA-C,0.891107729739319,0.6042204492770556,0.28688728046226336,0.7499309954756282,0.14117673426369073
N-QA,XLM-R,QA-D,0.764587901990402,0.6325605410749314,0.1320273609154706,0.46429794710945527,0.3002899548809468
N-QA,mBERT,QA-A,0.9679965859237436,0.7161278113127546,0.2518687746109889,0.7290323588333624,0.23896422709038123
N-QA,mBERT,QA-B,0.89671064109197,0.6220598143747181,0.27465082671725183,0.7999448041401056,0.0967658369518644
N-QA,mBERT,QA-C,0.9282062417152065,0.7083241886261259,0.2198820530890807,0.8214580111797267,0.10674823053547973
N-QA,mBERT,QA-D,0.7093536521963845,0.8141926804308696,-0.10483902823448506,0.5102693205912735,0.199084331605111
N-QA,Llama-3.1-8B,QA-A,0.4892311245590821,0.5528749571135537,-0.06364383255447155,0.43895402097426733,0.05027710358481474
N-QA,Llama-3.1-8B,QA-B,0.8210279583234109,0.6383463546736183,0.18268160364979258,0.5501808163017246,0.2708471420216864
N-QA,Llama-3.1-8B,QA-C,0.8522933390471096,0.5080520591999331,0.3442412798471765,0.716121857383108,0.13617148166400153
N-QA,Llama-3.1-8B,QA-D,0.8419040945038484,0.6780728123332774,0.16383128217057089,0.6720894886612826,0.16981460584256577
N-QA,Mistral-7B,QA-A,0.45954437899923944,0.4828308538785066,-0.02328647487926716,0.5119888615134688,-0.052444482514229375
N-QA,Mistral-7B,QA-B,0.7607154013319333,0.5803041704605789,0.18041123087135436,0.6539873068695784,0.10672809446235487
N-QA,Mistral-7B,QA-C,0.589650019281475,0.6467236741386665,-0.05707365485719155,0.5779014299988426,0.011748589282632301
N-QA,Mistral-7B,QA-D,0.6829133134903517,0.6135413305832137,0.06937198290713802,0.5795224306790758,0.10339088281127586
N-QA,Qwen2.5-7B,QA-A,0.713651624958341,0.6187914665167945,0.09486015844154642,0.6260480550909758,0.08760356986736517
N-QA,Qwen2.5-7B,QA-B,0.7611258615192421,0.7690733095500198,-0.007947448030777737,0.6569899779747347,0.10413588354450742
N-QA,Qwen2.5-7B,QA-C,0.9493499510255137,0.6706685180204685,0.27868143300504516,0.8176944676891966,0.13165548333631708
N-QA,Qwen2.5-7B,QA-D,0.8482193114404999,0.7084344348642104,0.1397848765762895,0.6662352281965862,0.18198408324391369
R-SA,XLM-R,SA-A,0.8168834132192752,0.7682690635984315,0.048614349620843655,0.685133570284974,0.13174984293430114
R-SA,XLM-R,SA-B,0.8216630371778294,0.7526875272791451,0.06897550989868434,0.7121808688340163,0.10948216834381314
R-SA,XLM-R,SA-C,0.9262523058687447,0.6397595771836839,0.28649272868506076,0.7634017289422703,0.16285057692647448
R-SA,mBERT,SA-A,0.8067918727245837,0.7320159004342535,0.07477597229033034,0.6471305778556666,0.15966129486891717
R-SA,mBERT,SA-B,0.8174872882073627,0.717952473470985,0.09953481473637765,0.6657487049779469,0.15173858322941575
R-SA,mBERT,SA-C,0.9249295548025177,0.5945944188206684,0.3303351359818492,0.7316835098922934,0.1932460449102243
R-SA,Llama-3.1-8B,SA-A,0.8105952732715535,0.8028359382379162,0.007759335033637238,0.7970543369743508,0.013540936297202655
R-SA,Llama-3.1-8B,SA-B,0.8094704995769444,0.7923786065583025,0.01709189301864189,0.7985275210592935,0.010942978517650914
R-SA,Llama-3.1-8B,SA-C,0.8344154274184211,0.7978969022081009,0.036518525210320174,0.7975295889706754,0.036885838447745734
R-SA,Mistral-7B,SA-A,0.7992360834439257,0.7784946092776192,0.02074147416630656,0.8018107736379292,-0.002574690194003415
R-SA,Mistral-7B,SA-B,0.7996383917476383,0.7856037395714938,0.014034652176144524,0.7878541702796343,0.011784221468003953
R-SA,Mistral-7B,SA-C,0.7948072116742569,0.7896273976335633,0.005179814040693731,0.7640608025651127,0.03074640910914428
R-SA,Qwen2.5-7B,SA-A,0.8118910758000258,0.8066837663123615,0.005207309487664347,0.7958384375352332,0.016052638264792585
R-SA,Qwen2.5-7B,SA-B,0.8332790853536224,0.7888758208975959,0.04440326445602655,0.8245193420597421,0.008759743293880351
R-SA,Qwen2.5-7B,SA-C,0.8056820023569587,0.8103109198816454,-0.004628917524686693,0.7855127274966275,0.020169274860331265
R-CA,XLM-R,CA-A,0.9969166852608708,0.9207484696881489,0.07616821557272187,0.7734458481021674,0.22347083715870333
R-CA,XLM-R,CA-B,0.9948070696849057,0.7870684234331357,0.20773864625177016,0.8138019681107824,0.1810051015741233
R-CA,XLM-R,CA-C,0.9909871095858528,0.8303827481024558,0.16060436148339688,0.8506159515270487,0.14037115805880399
R-CA,XLM-R,CA-D,0.9860614908093019,0.8042750989955665,0.18178639181373538,0.9046109724793082,0.08145051832999366
R-CA,mBERT,CA-A,0.9934497987382257,0.8933273610068536,0.10012243773137204,0.7467880818913607,0.24666171684686503
R-CA,mBERT,CA-B,1.0,0.7378637144433697,0.2621362855566302,0.8014271903840914,0.19857280961590873
R-CA,mBERT,CA-C,0.9987110655026598,0.813747829961254,0.18496323554140567,0.7983548415865434,0.20035622391611643
R-CA,mBERT,CA-D,1.0,0.7730477374756338,0.22695226252436618,0.8714165290251161,0.1285834709748839
R-CA,Llama-3.1-8B,CA-A,0.904328603385173,0.7684918428156983,0.1358367605694747,0.8776339404451278,0.0266946629400453
R-CA,Llama-3.1-8B,CA-B,0.8339050463646857,0.8506764996945994,-0.01677145332991366,0.7972530730917238,0.036651973272961914
R-CA,Llama-3.1-8B,CA-C,0.8017744373807859,0.8732276316046272,-0.07145319422384133,0.7563648089728866,0.045409628407899305
R-CA,Llama-3.1-8B,CA-D,0.9232022081067363,0.8334099840823445,0.08979222402439176,0.8945541356875313,0.028648072419204935
R-CA,Mistral-7B,CA-A,0.9232733938499639,0.8453974953083815,0.07787589854158235,0.8829554628707382,0.04031793097922565
R-CA,Mistral-7B,CA-B,0.7649431048461532,0.8463679398860281,-0.08142483503987485,0.8235839573306359,-0.058640852484482774
R-CA,Mistral-7B,CA-C,0.8661220666001651,0.8895373605060763,-0.02341529390591124,0.792903895126984,0.0732181714731811
R-CA,Mistral-7B,CA-D,0.9624475497088364,0.8486244739577661,0.11382307575107031,0.9304839543298938,0.03196359537894259
R-CA,Qwen2.5-7B,CA-A,0.8776303836042603,0.8344218271333096,0.04320855647095075,0.8854654930880472,-0.007835109483787036
R-CA,Qwen2.5-7B,CA-B,0.8278370160973566,0.8816148365406448,-0.053777820443288236,0.8369142845156224,-0.009077268418265802
R-CA,Qwen2.5-7B,CA-C,0.8486821160829714,0.8765016087017509,-0.027819492618779362,0.826314017758112,0.022368098324859382
R-CA,Qwen2.5-7B,CA-D,0.9776694481042307,0.876036611398586,0.10163283670564467,0.9198810884125095,0.05778835969172128
R-P3,XLM-R,PR-A,0.8597579239572889,0.5288064395833019,0.3309514843739871,0.4868055404959503,0.3729523834613385
R-P3,XLM-R,PR-B,0.2943396226415094,0.1854059019237209,0.10893372071778855,0.44361800002921503,-0.14927837738770566
R-P3,XLM-R,PR-D,0.6205103634131661,0.5001685058396618,0.12034185757350438,0.331599497775745,0.28891086563742113
R-P3,XLM-R,TW-B,0.9053636048412823,0.5158359100345736,0.3895276948067087,0.49187307605369524,0.4134905287875871
R-P3,XLM-R,TW-C,0.884753488191874,0.4322888612342172,0.4524646269576569,0.4531072586944768,0.43164622949739717
R-P3,XLM-R,TW-D,0.9703689496082868,0.5595913974316221,0.4107775521766646,0.5150936429980149,0.4552753066102719
R-P3,mBERT,PR-A,0.8408919832016313,0.4536526591090923,0.3872393240925389,0.37559350082172493,0.46529848237990634
R-P3,mBERT,PR-B,0.40350241090797906,0.25527077564244344,0.14823163526553565,0.35494832241958224,0.04855408848839685
R-P3,mBERT,PR-D,0.601407668075241,0.40714350130287513,0.19426416677236585,0.2829980837462162,0.31840958432902483
R-P3,mBERT,TW-B,0.808390240048038,0.3547655626862097,0.4536246773618283,0.41243594927780813,0.3959542907702298
R-P3,mBERT,TW-C,0.9976849339844457,0.36535774260497317,0.6323271913794726,0.39118905194156517,0.6064958820428805
R-P3,mBERT,TW-D,0.7630209473181501,0.4173294322201405,0.34569151509800944,0.43635476535883777,0.3266661819593123
R-P3,Llama-3.1-8B,PR-A,0.778565573090149,0.5891507233084481,0.18941484978170092,0.7424731339670337,0.036092439123115196
R-P3,Llama-3.1-8B,PR-B,0.5113888463548676,0.6655429139623823,-0.15415406760751468,0.4802865175066334,0.031102328848234117
R-P3,Llama-3.1-8B,PR-D,0.5571243395058786,0.6485633842522723,-0.09143904474639382,0.5018432648151221,0.055281074690756424
R-P3,Llama-3.1-8B,TW-B,0.7991822146696294,0.6609960399291693,0.1381861747404601,0.6866879730233857,0.11249424164624373
R-P3,Llama-3.1-8B,TW-C,0.7777417925652766,0.6667631544649106,0.11097863810036605,0.6395858754677884,0.13815591709748826
R-P3,Llama-3.1-8B,TW-D,0.8973044618165309,0.6412804792222101,0.2560239825943208,0.8214199303594292,0.07588453145710175
R-P3,Mistral-7B,PR-A,0.7978914178427994,0.6553616794107244,0.14252973843207503,0.7699430827851973,0.02794833505760208
R-P3,Mistral-7B,PR-B,0.47543315842303596,0.6868817495592565,-0.21144859113622055,0.44926117367872215,0.02617198474431385
R-P3,Mistral-7B,PR-D,0.5980510849334885,0.6732638991005623,-0.07521281416707387,0.5224958932130181,0.07555519172047026
R-P3,Mistral-7B,TW-B,0.7934221827966973,0.6866560706300807,0.10676611216661658,0.7063872915170466,0.08703489127965076
R-P3,Mistral-7B,TW-C,0.789748801147878,0.6708964507516834,0.11885235039619457,0.7210254158656043,0.0687233852822738
R-P3,Mistral-7B,TW-D,0.9035995117593344,0.6583751861361179,0.24522432562321644,0.8623221785288369,0.04127733323049754
R-P3,Qwen2.5-7B,PR-A,0.7771271060447514,0.7013552634580705,0.0757718425866809,0.7702758953086197,0.006851210736131708
R-P3,Qwen2.5-7B,PR-B,0.5477723223127579,0.7255713380845255,-0.17779901577176763,0.46942788704526367,0.07834443526749416
R-P3,Qwen2.5-7B,PR-D,0.5564681715874097,0.7342328122077277,-0.17776464062031808,0.5129290819249155,0.04353908966249417
R-P3,Qwen2.5-7B,TW-B,0.792608992827477,0.709414628401226,0.08319436442625097,0.758202358295103,0.034406634532374046
R-P3,Qwen2.5-7B,TW-C,0.9166295155487703,0.6860099629457246,0.23061955260304562,0.8526052243942088,0.06402429115456139
R-P3,Qwen2.5-7B,TW-D,0.902816724359384,0.6941237605196385,0.20869296383974545,0.8872673186488023,0.015549405710581766
