Tweet,Class
ٹریفک جام نے شہر کے دورے کو وقت ضائع کرنے والا بنا دیا,N
فنون لطیفہ کے لیے فنڈز کی کمی نے تخلیقی کاموں کو متاثر کیا,N
پبلک ٹرانسپورٹ کی بہتری نے شہر کے سفر کو آسان بنا دیا,P
شمسی توانائی کے منصوبوں نے ماحول دوست بجلی کی فراہمی ممکن بنائی,P
سائنسی میلوں نے طلبہ میں تحقیق کا شوق پیدا کیا,P
سائنسی آگاہی کی کمی نے خرافات کو فروغ دیا,N
اسپورٹس کی سہولیات کی کمی نے صلاحیتوں کو دبا دیا,N
کتابوں کی قلت نے لائبریری کے استعمال کو تقریباً بے معنی بنا دیا ہے,N
ڈیجیٹل بینکنگ نے مالی لین دین کو محفوظ بنا دیا,P
گھر کے پکے ہوئے کھانے نے خاندانی اجتماعات کو خوشگوار بنایا,P
فنکاروں کی مشترکہ پرفارمنس نے شائقین کو متاثر کر دیا,P
روایتی کھانوں کی مقبولیت نے ثقافتی شناخت کو مضبوط کیا,P
شکر کی زیادہ مقدار نے صحت کے خطرات پیدا کیے,N
صحت مند غذا کے انتخاب نے توانائی کی سطح کو بہتر بنا دیا,P
مثبت مواد کی شیئرنگ نے آن لائن کمیونٹی میں امید پیدا کی,P
فنون کے اسکولوں نے تخلیقی صلاحیتوں کو نکھارا,P
مصنوعی ذہانت کے نئے آلات نے روزمرہ کے کاموں میں بڑی آسانی پیدا کر دی ہے,P
فضائی آلودگی نے سانس کی بیماریوں میں تشویشناک اضافہ کر دیا ہے,N
برآمدات میں اضافے نے ملکی معیشت کو تقویت بخشی,P
آن لائن شاپنگ کی سہولت نے خریداری کو آسان بنا دیا,P
بین الاقوامی ٹورنامنٹ میں کامیابی نے ملک کا نام روشن کیا,P
خاندانی اجتماعات نے رشتوں کو مزید مضبوط بنا دیا,P
کام کے زیادہ دباؤ نے ذہنی صحت کو متاثر کیا,N
لوک کہانیوں کی دستاویزی شکل نے نئی نسل کو ورثے سے جوڑا,P
سمارٹ فون کی جدید خصوصیات نے مواصلات کو پہلے سے کہیں زیادہ موثر بنا دیا,P
ہسپتالوں میں ادویات کی عدم دستیابی نے مریضوں کے علاج میں تاخیر پیدا کی,N
بچوں کی کامیابی نے والدین کے چہروں پر مسکراہٹ لا دی,P
مصنوعی مصنوعات کی بھرمار نے معیار کو متاثر کیا,N
ریسٹورانٹس میں قیمتوں کے اضافے نے باہر کھانے کے مزے کم کر دیے,N
کاروباری تربیت نے نوجوانوں کو خودمختار بنایا,P
سڑکوں پر گڑھوں نے حادثات کی شرح بڑھا دی,N
خاندانی روایات کی حفاظت نے نسل در نسل رابطہ برقرار رکھا,P
پانی کی قلت نے روزمرہ کی زندگی کو مشکل بنا دیا,N
سافٹ ویئر میں بار بار آنے والے بگز نے صارفین کو شدید پریشانی میں ڈال دیا,N
پرائیویسی کی خلاف ورزیوں نے ڈیجیٹل دنیا میں عدم تحفظ پیدا کیا,N
ڈیجیٹل ادائیگی کے نظام نے لین دین کو تیز اور محفوظ بنا دیا,P
نوجوان کھلاڑی کی شاندار کارکردگی نے قومی ٹیم کو فتح دلائی,P
غلط فہمیوں نے قریبی رشتوں میں دوری پیدا کر دی,N
گروپ اسٹڈی سیشنز نے پیچیدہ موضوعات کو سمجھنے میں مدد فراہم کی,P
درآمدی پالیسیوں نے مقامی پیداوار کو نقصان پہنچایا,N
غیر مستحکم مارکیٹ نے سرمایہ کاروں میں بے چینی پیدا کر دی,N
جنگلات کی کٹائی نے حیاتیاتی تنوع کو خطرے میں ڈال دیا,N
ویزا کے پیچیدہ طریقہ کار نے بین الاقوامی سفر کو مشکل بنا دیا,N
جعلی خبروں کے پھیلاؤ نے سوشل میڈیا کو غیر معتبر بنا دیا,N
مہنگائی نے عام آدمی کی خریداری کی طاقت کو کمزور کر دیا,N
غیر صحت مند فاسٹ فوڈ کے رجحان نے غذائی عادات خراب کر دیں,N
نوجوان مصوروں کی نئی تکنیکوں نے آرٹ کی دنیا میں تازگی پیدا کی,P
سیاحتی مقامات کی ترقی نے مقامی معیشت کو تقویت بخشی,P
مقامی کھانوں کی تنوع نے ذائقوں کے شائقین کو متاثر کیا,P
باقاعدہ ورزش کی عادت نے جسمانی صحت میں نمایاں بہتری پیدا کر دی,P
لیبارٹری کے پرانے آلات نے تجربات کے نتائج کو متاثر کیا,N
کھانے کی اشیاء میں ملاوٹ نے صارفین کے اعتماد کو متزلزل کر دیا,N
صحت مند نیند کی عادت نے ذہنی کارکردگی بہتر بنا دی,P
موسیقی کے کنسرٹ میں خراب آواز کے نظام نے تجربے کو خراب کر دیا,N
مشترکہ فیصلے نے خاندانی ہم آہنگی کو فروغ دیا,P
بجلی کی بار بار کٹوتی نے گھریلو زندگی کو متاثر کیا,N
اسکولوں میں بنیادی سہولیات کی عدم موجودگی نے تعلیم کے معیار کو متاثر کیا,N
تحقیقی اداروں میں بدعنوانی نے سائنسی ترقی کو روکا,N
لیبارٹری کی حفاظتی کمی نے حادثات کا خطرہ بڑھا دیا,N
کھانے کی عادات میں تبدیلی نے صحت کے مسائل کو جنم دیا,N
ٹیم اسپرٹ نے مشکل حالات میں بھی فتح حاصل کرنے میں مدد کی,P
ثقافتی میلوں نے سیاحوں کو مقامی روایات سے روشناس کروایا,P
قدیم عمارتوں کی نظراندازی نے تاریخی ورثے کو خطرے میں ڈال دیا,N
اسٹریمنگ سروسز میں مواد کی کمی نے صارفین کو مایوس کر دیا,N
ورچوئل کمیونٹیز نے مشترکہ دلچسپی رکھنے والوں کو جوڑ دیا,P
باہمی احترام نے ازدواجی زندگی کو خوشگوار بنایا,P
بینکوں کے پیچیدہ طریقہ کار نے قرضے حاصل کرنا مشکل بنا دیا,N
کچرے کے غیر مناسب انتظام نے صحت کے مسائل پیدا کیے,N
کلاؤڈ سٹوریج کی سہولت نے ڈیٹا محفوظ رکھنے کا طریقہ مکمل بدل دیا ہے,P
تھیٹر کی کمی نے اداکاری کے مواقع محدود کر دیے,N
آن لائن بحث مباحثے نے نفرت انگیز مواد کو فروغ دیا,N
پلاسٹک کے بے دریغ استعمال نے سمندری حیات کو شدید نقصان پہنچایا,N
شکار کے غیر قانونی واقعات نے حیاتیاتی تنوع کو خطرے میں ڈالا,N
مقامی کھیل کے مقابلے نے نوجوانوں میں جوش پیدا کیا,P
تعلیمی مواد کی مفت دستیابی نے علم تک رسائی آسان بنا دی,P
شور کی آلودگی نے رہائشی علاقوں میں سکون ختم کر دیا,N
آرٹ گیلریوں نے نئے فنکاروں کو پلیٹ فارم فراہم کیا,P
مقامی فنکاروں کی نمائش نے ثقافتی ورثے کو اجاگر کیا,P
ریالیٹی شوز میں غیر ضروری تنازعات نے اصل مقصد کو پس پشت ڈال دیا,N
ڈاکٹروں کی کمی نے دیہی علاقوں میں طبی سہولیات محدود کر دیں,N
تمباکو نوشی کی عادت نے کئی خاندانوں کو صحت کے بحران میں مبتلا کر دیا,N
میوزیمز کی نظراندازی نے تاریخی علم تک رسائی محدود کر دی,N
امتحانی نظام میں غیر منصفانہ طریقوں نے میرٹ کو شدید نقصان پہنچایا,N
خلائی مشن کی کامیابی نے قومی فخر کا احساس بڑھا دیا,P
تربیتی کیمپ نے کھلاڑیوں کی صلاحیتوں کو نکھار دیا,P
یونیورسٹیوں کے تحقیقی منصوبوں نے عالمی سطح پر شناخت حاصل کی,P
پیدل چلنے کے پارکس نے صحت مند سرگرمیوں کو فروغ دیا,P
موسمیاتی تبدیلی کے اثرات نے زراعت پر منفی اثر ڈالا,N
ذہنی صحت کے بارے میں بڑھتی ہوئی آگاہی نے معاشرے میں مثبت تبدیلی لائی,P
ٹریفک قوانین کی خلاف ورزی نے سڑکوں پر خطرے کو بڑھا دیا,N
تحقیقی فنڈز کی کمی نے سائنسی ترقی کو سست کر دیا,N
مقامی تہواروں نے کمیونٹی کے جذبات کو جوڑ دیا,P
نئی سڑکوں کی تعمیر نے دور دراز علاقوں کو جوڑ دیا,P
کتابوں کی قیمتوں میں اضافے نے پڑھنے کے شوق کو متاثر کیا,N
شہری منصوبہ بندی کی کمی نے ٹریفک کے مسائل پیدا کیے,N
آن لائن ہراساں کرنے کے واقعات نے صارفین کی ذہنی صحت متاثر کی,N
نئی لائبریری کی تعمیر نے علم کے حصول کو آسان بنا دیا,P
مقامی مارکیٹوں کی رونق نے چھوٹے کاروباریوں کو فائدہ پہنچایا,P
ڈیجیٹل مہارتوں نے دور دراز علاقوں کے افراد کو مواقع فراہم کیے,P
سینما ہالوں میں صفائی کے فقدان نے دیکھنے کے مزے کو کم کر دیا,N
نوجوان سائنسدانوں کی ایجادات نے عالمی سطح پر توجہ حاصل کی,P
نئی سائنسی دریافت نے طبی علاج کے امکانات وسیع کر دیے,P
کمیونٹی لائبریریز نے پڑھنے کی ثقافت کو زندہ رکھا,P
روایتی موسیقی کی محفل نے سامعین کو روحانی سکون بخشا,P
نئی ریلیز ہونے والی فلم نے ناظرین کے دلوں کو موہ لیا,P
مصروف شیڈول نے خاندان کے ساتھ وقت گزارنے کے مواقع کم کر دیے,N
سبز چھتوں کے منصوبے نے شہری گرمی کو کم کرنے میں کردار ادا کیا,P
ذہنی دباؤ نے خاندانی ماحول کو متاثر کیا,N
سائنسی تحقیق نے نئی ادویات کی دریافت میں اہم پیش رفت کی,P
کمیونٹی سروس کے منصوبوں نے معاشرتی ہم آہنگی کو فروغ دیا,P
چوٹوں کے مسلسل واقعات نے کھلاڑیوں کے کیریئر کو خطرے میں ڈال دیا,N
مارکیٹ میں غیر مستحکم قیمتوں نے منصوبہ بندی مشکل بنا دی,N
استاد کی حوصلہ افزا تدریس نے کمزور طلبہ میں اعتماد پیدا کر دیا,P
مقامی صنعتوں کی ترقی نے روزگار کے مواقع بڑھائے,P
آن لائن امتحانات میں دھوکہ دہی کے واقعات نے نظام کی ساکھ کو نقصان پہنچایا,N
نامیاتی کاشتکاری نے صحت مند خوراک کی فراہمی ممکن بنائی,P
مقامی رہنماؤں کی مہمان نوازی نے سیاحوں کا دل جیت لیا,P
ثقافتی تقریبات میں تجارتی رجحانات نے اصل روح کو کمزور کر دیا,N
سائبر سیکیورٹی کی کمزوریوں نے کئی کمپنیوں کا حساس ڈیٹا خطرے میں ڈال دیا,N
اسکرین ٹائم کے زیادہ استعمال نے حقیقی تعلقات کو کمزور کر دیا,N
کھیل کے میدان میں ناقص فیصلوں نے میچ کا نتیجہ متاثر کر دیا,N
نسلی فاصلے نے بزرگوں اور نوجوانوں کے درمیان رابطہ کمزور کر دیا,N
ری سائیکلنگ کی عادت نے کچرے کے مسئلے کو کم کرنے میں مدد کی,P
ماحول دوست مصنوعات کے رجحان نے پائیدار طرز زندگی کو فروغ دیا,P
صنعتی فضلہ نے دریاؤں کے پانی کو زہریلا بنا دیا ہے,N
نئے نصاب نے سائنسی سوچ کو فروغ دینے میں اہم کردار ادا کیا,P
نئی کاروباری حکمت عملی نے کمپنی کے منافع میں اضافہ کر دیا,P
سوشل میڈیا مہم نے سماجی مسائل پر توجہ مرکوز کی,P
کاپی رائٹ کی خلاف ورزیوں نے تخلیق کاروں کو نقصان پہنچایا,N
کھلے ڈیٹا کی پالیسی نے تحقیق کو مزید شفاف بنایا,P
فنون کے لیے عوامی دلچسپی کی کمی نے شعبے کو متاثر کیا,N
کوچنگ کے پرانے طریقوں نے نئی نسل کی ترقی روک دی,N
فریڈ کے واقعات نے آن لائن ٹرانزیکشنز پر اعتماد کم کر دیا,N
پیٹنٹ کے پیچیدہ قوانین نے ایجاد کاروں کو حوصلہ شکنی کی,N
صحت مند مشروبات کے انتخاب نے توانائی برقرار رکھی,P
درخت لگانے کی مہم نے شہر کی ہوا کو صاف تر بنا دیا,P
سست انٹرنیٹ کنکشن کی وجہ سے آن لائن میٹنگز مسلسل رکاوٹ کا شکار رہتی ہیں,N
فوڈ ڈیلیوری سروسز میں تاخیر نے صارفین کو مایوس کر دیا,N
صحت مند طرز زندگی کے اختیار نے بیماریوں کے خطرے کو کم کیا,P
پہاڑی علاقوں کی قدرتی خوبصورتی نے سیاحوں کو مسحور کر دیا,P
گلیوں میں صفائی کی کمی نے رہائشی ماحول کو خراب کر دیا,N
مقامی موسیقی کے تہوار نے فنکاروں کو مواقع دیے,P
اسٹارٹ اپ کلچر نے نوجوانوں کے لیے روزگار کے نئے مواقع پیدا کیے,P
جدید طرز زندگی نے روایتی اقدار کو کمزور کر دیا,N
قدرتی پارکس کی حفاظت نے جنگلی حیات کو محفوظ رکھا,P
تعلیمی اداروں میں تشدد کے واقعات نے ماحول کو خراب کر دیا,N
ہوٹلوں میں صفائی کے معیارات کی کمی نے قیام کو ناخوشگوار بنا دیا,N
ٹیکس کے بوجھ نے چھوٹے کاروباروں کو مشکل حالات سے دوچار کر دیا,N
غیر معیاری خوراک نے بچوں میں غذائی کمی کے مسائل پیدا کر دیے,N
بیٹری کی تیزی سے ختم ہونے والی صلاحیت نے موبائل صارفین کو تنگ کر دیا,N
آن لائن تعلیمی پلیٹ فارمز نے دور دراز علاقوں کے طلبہ کے لیے مواقع کھول دیے,P
نوجوانوں کی رضاکارانہ خدمات نے قدرتی آفات میں مدد فراہم کی,P
کتابوں کی چوری نے لائبریری کے وسائل کو نقصان پہنچایا,N
یوگا کی مشق نے ذہنی سکون اور جسمانی لچک میں اضافہ کیا,P
غیر قانونی تعمیرات نے قدرتی مناظر کو خراب کر دیا,N
مقامی ڈرامے نے ثقافتی اقدار کو خوبصورتی سے پیش کیا,P
اسپورٹس انفراسٹرکچر کی کمی نے ترقی کے مواقع محدود کر دیے,N
سڑکوں کی خراب حالت نے سفر کو تکلیف دہ تجربہ بنا دیا,N
قدیم مقامات کی بحالی نے سیاحت کو نئی زندگی بخشی,P
روایتی ترکیبوں کی حفاظت نے ثقافتی ورثے کو زندہ رکھا,P
ورچوئل ریئلٹی ٹیکنالوجی نے تفریح کے نئے راستے کھول دیے ہیں,P
کتابوں کی نئی سیریز نے قارئین میں پڑھنے کا شوق دوبارہ جگا دیا,P
